MIMAT_ID	logFC	P.Value	adj.P.Val
MIMAT0000428	6.397978659210839	8.282016903892131e-14	6.447314236646609e-11
MIMAT0000687	-1.2489766824790516	9.572849646097414e-14	6.447314236646609e-11
MIMAT0003329	-1.4515111634884783	1.1830358071256003e-12	5.311830773993946e-10
MIMAT0000758	5.557288552851887	1.6566500672468049e-12	5.578769101453615e-10
MIMAT0000272	-4.005472483455108	2.320092253295785e-12	6.250328530378844e-10
MIMAT0000733	-1.6895108483570245	2.389643160718305e-11	5.364748895812595e-9
MIMAT0000453	-1.5664243508756028	4.1241225249645203e-11	7.080214427335513e-9
MIMAT0000452	-2.242887283086243	4.3248084714690426e-11	7.080214427335513e-9
MIMAT0000737	-1.428501827081787	4.7766201275276995e-11	7.080214427335513e-9
MIMAT0000250	4.103026394663466	5.2562839104198315e-11	7.080214427335513e-9
MIMAT0000222	-4.557278771126527	1.2352558216384177e-10	1.512626901588135e-8
MIMAT0000460	-3.382805687910003	1.556491915814736e-10	1.747162175502041e-8
MIMAT0000736	-3.0576917648829762	2.0144313724130539e-10	2.0872608143387566e-8
MIMAT0002890	-1.598527655549968	3.8391886326640807e-10	3.4500866637337457e-08
MIMAT0004814	-2.064198221009068	4.044409356717777e-10	3.4500866637337457e-08
MIMAT0000318	-5.3063860945159425	4.098098486988859e-10	3.4500866637337457e-08
MIMAT0004606	-2.3628642281989864	9.288260908561939e-10	7.359580849313489e-8
MIMAT0000617	-5.507751941865691	1.1340930272568075e-9	8.298903583296889e-8
MIMAT0001536	-4.046158181656264	1.170595160227475e-9	8.298903583296889e-8
MIMAT0000682	-4.880562484013987	1.2727154143841689e-9	8.571738315877377e-8
MIMAT0000418	1.7240800441643045	2.501350977385013e-9	1.6044379840655296e-7
MIMAT0000432	-6.615239070590368	4.232137365388161e-9	2.530106057969757e-7
MIMAT0004560	1.6724746372936408	4.320151398166623e-9	2.530106057969757e-7
MIMAT0000086	0.9961745181582137	7.366956702305498e-9	4.134704449168961e-7
MIMAT0000446	-2.96186205837751	9.211545635562957e-9	4.963180788441321e-7
MIMAT0003247	2.761087252610548	1.1390853263202257e-8	5.901338209820553e-7
MIMAT0000730	-2.995375787601256	1.673592066800039e-8	8.349364866591305e-7
MIMAT0002174	2.022476429993279	2.07913460360544e-8	1.0002122539487598e-6
MIMAT0003150	-1.63284139242242	2.2441815016981344e-8	1.0423836147542714e-6
MIMAT0001621	-0.8416769859855433	2.7503834333564853e-8	1.2349221615770618e-6
MIMAT0000423	2.395414316694647	2.8684509900039737e-8	1.246388220495275e-6
MIMAT0000720	-3.618941622646053	3.19919127236264e-8	1.3466595762101487e-6
MIMAT0000259	3.057873060185999	3.3015893167117435e-8	1.3476487301850663e-6
MIMAT0000448	-2.8044537425595566	3.436915496273904e-8	1.3616250510238086e-6
MIMAT0002870	3.8867653997967344	7.086161816340317e-8	2.7271599904601166e-6
MIMAT0003294	-1.1574380850741823	1.3883233287118521e-7	5.194643121596847e-6
MIMAT0001639	-1.6977368050726251	1.6035909590283806e-7	5.837937896787104e-6
MIMAT0004689	-0.29928446409623477	1.849357687213278e-7	6.555486328095487e-6
MIMAT0002171	-1.2463634632385459	2.285094099106005e-7	7.892363465373818e-6
MIMAT0004503	0.5846702530628681	2.918093433600885e-7	9.82667963765098e-6
MIMAT0000080	1.11617749858251	3.4298703148953444e-7	1.1268378815034216e-5
MIMAT0000267	2.556083278228136	3.81547435540467e-7	1.2236771325547833e-5
MIMAT0000265	2.978168833635954	4.397130440968475e-7	1.377426675345241e-5
MIMAT0000261	3.578775291185048	6.224993459114672e-7	1.892113655593258e-5
MIMAT0002813	-1.1476614094451723	6.456820740044705e-7	1.892113655593258e-5
MIMAT0016895	0.6643642054870552	6.461561110414987e-7	1.892113655593258e-5
MIMAT0000729	-3.0074158261893436	7.991606216015345e-7	2.2427898766932427e-5
MIMAT0004954	-0.63907032751403	7.992124282203091e-7	2.2427898766932427e-5
MIMAT0004558	1.0385709999227475	8.656014311957529e-7	2.379520669021794e-5
MIMAT0002175	-0.2882034946393403	9.496938498497533e-7	2.5584752314952357e-5
MIMAT0000728	-5.546612294313523	1.170383335639173e-6	3.0911889276587565e-5
MIMAT0000256	2.1202087591966206	1.2211203364894028e-6	3.163171333175434e-5
MIMAT0002807	0.5270393502219788	1.4371499931380653e-6	3.652530265579196e-5
MIMAT0000273	-5.020741936550113	1.651477097894396e-6	4.11951787196991e-5
MIMAT0004598	-0.7239529826340895	1.7755403202860379e-6	4.3484596571368964e-5
MIMAT0004543	-0.8986868115118198	1.9198810504388606e-6	4.617999598109188e-5
MIMAT0004959	-3.945474141777101	2.101458928984934e-6	4.9660792584959756e-5
MIMAT0005949	1.3734086185160412	2.2914916343999985e-6	5.321791778511721e-5
MIMAT0000689	1.936278126993964	2.580326301262463e-6	5.8910161488144705e-5
MIMAT0000257	1.8503653751065425	3.1155730612919666e-6	6.994461522600464e-5
MIMAT0002823	1.2425790738151767	3.2061585112106963e-6	7.079828712460341e-5
MIMAT0016876	1.6181268391826802	3.379612267153655e-6	7.342480199767699e-5
MIMAT0004797	0.5149743440659903	3.954943962050452e-6	8.456046852193585e-5
MIMAT0004673	1.6303310545736167	4.096879734127126e-6	8.622651565420686e-5
MIMAT0016922	1.5900380202765054	4.23512824098696e-6	8.776488831706823e-5
MIMAT0000274	-4.133304762135037	4.3718361766749575e-6	8.922520196941164e-5
MIMAT0002817	-1.1999342896157952	4.472094992679126e-6	8.99091336587878e-5
MIMAT0000264	-0.8052294547477082	4.545066982007567e-6	9.003242977594401e-5
MIMAT0003283	0.5473826816382119	4.718905034688054e-6	9.212123306847548e-5
MIMAT0003879	-0.5810711557101343	5.8571767210355645e-6	1.1119896589859566e-4
MIMAT0004951	0.9342013219787658	5.861266947884404e-6	1.1119896589859566e-4
MIMAT0000093	1.582120086851939	6.179696701140334e-6	1.1561182578383374e-4
MIMAT0004552	1.3918192992729093	6.4749994989763125e-6	1.1947704554960403e-4
MIMAT0002172	-0.9707993919518659	7.387111654974398e-6	1.344653972871691e-4
MIMAT0000450	1.5972340400454572	8.985964235393036e-6	1.6138791766765893e-4
MIMAT0004695	-1.4039980655350088	1.0064887937390309e-5	1.7838689541664138e-4
MIMAT0005950	0.4926471365077594	1.029420334168602e-5	1.8008171300326064e-4
MIMAT0003332	-0.3049336273624585	1.1824276579953377e-5	2.0311630806113377e-4
MIMAT0001627	-0.23586704342085038	1.1912537740779189e-5	2.0311630806113377e-4
MIMAT0000095	3.0079891882611545	1.2976863557389536e-5	2.184979401475463e-4
MIMAT0005951	0.5750787853588364	1.3452187428604788e-5	2.237048946460574e-4
MIMAT0000443	2.104208980736586	1.4987373814496083e-5	2.461950308308076e-4
MIMAT0003163	-0.47284546849868175	1.5471337272282187e-5	2.510830277802904e-4
MIMAT0003180	-1.3196951848877456	1.702822078858204e-5	2.73059683359762e-4
MIMAT0004953	0.7603939197167224	1.770795591062197e-5	2.806190189600917e-4
MIMAT0000755	-0.5738557735975507	1.8172112619208916e-5	2.815024379605693e-4
MIMAT0005878	0.6965764861497957	1.818167193954679e-5	2.815024379605693e-4
MIMAT0003233	-1.3899248244068227	1.9291296856632004e-5	2.9528837347594667e-4
MIMAT0005798	-0.3275392982138566	2.3530022544207905e-5	3.5612292547245e-4
MIMAT0000680	1.2867333452384397	2.4132900378159364e-5	3.611890756597852e-4
MIMAT0006017	0.8653549787389493	2.5121735273535337e-5	3.718568946533198e-4
MIMAT0000270	1.433493193718169	2.602288522275524e-5	3.810089825549055e-4
MIMAT0000260	0.6635397422397465	2.670674419344568e-5	3.8495132147110117e-4
MIMAT0002820	1.495676964414728	2.6980903641975445e-5	3.8495132147110117e-4
MIMAT0004548	-0.720404836481107	2.7149499287122948e-5	3.8495132147110117e-4
MIMAT0004550	-0.6236852209504166	2.8776511715867244e-5	4.0377043001326227e-4
MIMAT0000252	-2.552033658875584	3.173248894181515e-5	4.40656315511598e-4
MIMAT0018443	0.8326895954986636	3.5113177600173806e-5	4.826270431370828e-4
MIMAT0001620	-0.3737564724818784	3.959996176217424e-5	5.387994797338252e-4
MIMAT0016886	0.8410493352460046	4.6040123704910756e-5	6.20160466305148e-4
MIMAT0000761	2.0755709114580374	5.0615377778194966e-5	6.750387511606794e-4
MIMAT0004515	0.31706475488959357	6.037171467755026e-5	7.972617614770607e-4
MIMAT0000079	1.3418097856625986	6.816625272014762e-5	8.809781360617928e-4
MIMAT0003266	1.4625899248238607	6.837145734323358e-5	8.809781360617928e-4
MIMAT0004819	0.18581115240516716	6.86731286462422e-5	8.809781360617928e-4
MIMAT0000752	1.0323866595469022	7.84021049452175e-5	9.962984468038488e-4
MIMAT0000459	-1.6802837832165307	7.983925410650033e-5	0.0010050792082379062
MIMAT0003304	0.21513018706857745	8.959755810292981e-5	0.001117480655228208
MIMAT0004605	-1.4873213864382022	9.389797060799747e-5	0.0011603721688896568
MIMAT0000439	1.8949652818548237	9.974804515002805e-5	0.0012128115118183191
MIMAT0000431	1.514000478458358	1.0008105707449611e-4	0.0012128115118183191
MIMAT0000456	1.0319031190715364	1.0084253104948163e-4	0.0012128115118183191
MIMAT0004921	-0.2571677268330889	1.0599130139249868e-4	0.001263453831643325
MIMAT0000088	-1.6345706389353232	1.3770662390485093e-4	0.001627112477191528
MIMAT0000688	2.248271403840804	1.3921378187735744e-4	0.0016306170799026127
MIMAT0002811	1.7903299939806345	1.4151706567563425e-4	0.0016399761811830365
MIMAT0016890	0.9505499175821259	1.4348428595629533e-4	0.0016399761811830365
MIMAT0000090	1.2637159360865042	1.4366532247928605e-4	0.0016399761811830365
MIMAT0004678	-0.2741879773646685	1.5003211583334945e-4	0.0016982626893069053
MIMAT0004509	0.20821346194774432	1.5344082991539484e-4	0.001722373315800307
MIMAT0004784	-1.3316834110291818	1.5580605400218337e-4	0.0017344690474457934
MIMAT0015038	-0.33692305684866397	1.6222957615161706e-4	0.0017911740907887556
MIMAT0000419	0.988052902663461	1.6557763119410355e-4	0.0018132769855159145
MIMAT0015028	0.6717753555296692	1.6964473014409128e-4	0.0018428342863233142
MIMAT0004571	-0.654732104440098	1.7348477586659038e-4	0.0018616081703779954
MIMAT0000424	1.5533784570683515	1.7413706716230693e-4	0.0018616081703779954
MIMAT0000732	-0.8245378960064987	1.7670163601811377e-4	0.0018741504229637738
MIMAT0016848	0.16659219142268417	1.7953013506529387e-4	0.0018833742473135175
MIMAT0016897	-2.0560115455355064	1.8091460570142468e-4	0.0018833742473135175
MIMAT0004597	1.302098987996015	1.8176588875334614e-4	0.0018833742473135175
MIMAT0000754	-0.4978817375094821	2.0792975305182094e-4	0.002138025781380174
MIMAT0000770	3.5655252503610755	2.3203721965845997e-4	0.002367834355151103
MIMAT0005797	0.38338818351469856	2.4125257609990626e-4	0.002443362556440404
MIMAT0002178	-0.47099522195399923	2.517585427251138e-4	0.0025307369929158828
MIMAT0004945	0.8757516971879432	2.652517732430836e-4	0.0026466232485809894
MIMAT0018179	1.31373249944981	2.827953732608976e-4	0.002800921821929625
MIMAT0000087	-1.810021388078824	2.8985096046315256e-4	0.0028498484944807774
MIMAT0000101	1.1540258468112308	3.002648172387831e-4	0.0029308457160916
MIMAT0003339	0.8671905567854037	3.048398566743092e-4	0.002954095589498521
MIMAT0018350	0.4829213176742964	3.2435501076857876e-4	0.003095138127220212
MIMAT0015082	-0.22437827422623122	3.2451452025096365e-4	0.003095138127220212
MIMAT0016925	-0.16951395472472688	3.262877609987158e-4	0.003095138127220212
MIMAT0003273	0.6376436539865405	3.354072716945841e-4	0.0031493396112791568
MIMAT0004703	-0.7248198063852695	3.3667773127260477e-4	0.0031493396112791568
MIMAT0000765	-1.7074081734405966	3.5170168495948735e-4	0.003267187376830548
MIMAT0017996	-0.747866101342474	3.5956923222318834e-4	0.003294830861440015
MIMAT0003239	1.1650243428121674	3.595695149455696e-4	0.003294830861440015
MIMAT0002824	0.5734874674977558	3.640772447587071e-4	0.0033135949235809353
MIMAT0014708	1.0907436347443724	3.790127137612108e-4	0.003412879524625425
MIMAT0018071	1.0697501298647976	3.800533991787778e-4	0.003412879524625425
MIMAT0000066	1.4612643585411722	3.8571868906538554e-4	0.0034408150607355917
MIMAT0004553	-0.6335258722053485	3.962238405888055e-4	0.003511273113638954
MIMAT0000721	-0.23292429421438055	4.24812761294791e-4	0.0037400182317913954
MIMAT0000691	-2.011446342075746	4.312268954700464e-4	0.0037657496975264638
MIMAT0000100	1.207589740398497	4.333268026106919e-4	0.0037657496975264638
MIMAT0004956	0.34351084904824414	4.4029074169520674e-4	0.0038017412119451506
MIMAT0004484	0.34918868730358055	4.448226449683693e-4	0.0038162418485910964
MIMAT0001340	0.29850617391846573	4.4763638610051463e-4	0.0038162418485910964
MIMAT0002186	-2.1426873317808623	4.5574810518169247e-4	0.0038609603627656583
MIMAT0005909	-0.18526181696547314	5.170589230501266e-4	0.004352989808428253
MIMAT0016862	0.2665594233078646	5.319206299458103e-4	0.004450292475385133
MIMAT0004680	-0.3594719031326413	6.080080686296411e-4	0.005055474496568683
MIMAT0004514	0.832512890978021	6.762022709738909e-4	0.005588002815962154
MIMAT0014997	-1.1743475380324915	7.110130595450365e-4	0.005839845068336366
MIMAT0003386	-0.45083999694023386	7.755040743793027e-4	0.006330933261751035
MIMAT0004702	0.36274856924876997	8.291643545863842e-4	0.006728219190529274
MIMAT0016851	-1.709385712732416	8.366095461781381e-4	0.006747982387436837
MIMAT0000416	3.529909619725259	9.095969982270062e-4	0.007293018789355817
MIMAT0000760	1.0855454071434774	9.499340642927541e-4	0.007571367956226862
MIMAT0000440	0.2694552813863981	9.558654286857237e-4	0.007573827837880411
MIMAT0000104	1.0780687974373435	0.001031568122704312	0.008125861177091862
MIMAT0004925	0.5931376270937173	0.00106930566347007	0.008346986360404285
MIMAT0003257	-0.2716471869145571	0.0010720331405715971	0.008346986360404285
MIMAT0000763	-1.6540416655490047	0.0011068054178826137	0.00848773818316332
MIMAT0005879	-0.14763377046025436	0.0011084582024527803	0.00848773818316332
MIMAT0003228	-1.303254126953731	0.001115153930754406	0.00848773818316332
MIMAT0004810	0.39259407108384126	0.0011153152623755809	0.00848773818316332
MIMAT0005917	-0.296645269882663	0.0011488047543082953	0.008693483168838617
MIMAT0000242	-0.3161770685419908	0.0012713442720332154	0.009567043209099112
MIMAT0005920	0.1083725829749659	0.0012968599294064169	0.009704835138391352
MIMAT0004493	0.6890245174813714	0.00134236822353501	0.009989889486749493
MIMAT0005938	0.3121763329737496	0.0013676118863177216	0.010121830828955885
MIMAT0006016	-0.08850347813983232	0.0013960608308288976	0.010275923164625821
MIMAT0002814	-0.5362371620321631	0.0014726050027017777	0.010780429014343992
MIMAT0005881	0.37448782889059606	0.001505330304810061	0.010952835226311434
MIMAT0004682	1.0548493228534643	0.0015124182272412225	0.010952835226311434
MIMAT0018359	-0.20017381848810217	0.0016718320798757545	0.012042555142206637
MIMAT0004549	-0.685921303651821	0.001686555026414877	0.012083987343515103
MIMAT0007888	0.42312994132022486	0.0017022838812495102	0.012132150201286192
MIMAT0000258	1.2147090202315058	0.0017658355384805194	0.012518844580701367
MIMAT0004494	-1.6758667140839965	0.0017897872710435003	0.012622217037149712
MIMAT0004570	-0.2628666995779617	0.0018136262973793076	0.012723721992551704
MIMAT0000098	1.5321638394078099	0.0018896910964543551	0.013188673092870551
MIMAT0000063	-0.7054418450216022	0.0019095920133492057	0.013204243644737917
MIMAT0003252	-0.21241380613496022	0.0019170850003647827	0.013204243644737917
MIMAT0009198	1.165849614916736	0.00192133018141695	0.013204243644737917
MIMAT0000427	1.894750357216215	0.001938212343080312	0.01320846563041268
MIMAT0017950	0.1767810932375929	0.0019434786552468975	0.01320846563041268
MIMAT0001629	-0.28998411823048315	0.001952001623831469	0.01320846563041268
MIMAT0016872	0.8864148180979259	0.0019657977065452837	0.01320846563041268
MIMAT0015071	0.30504242491233363	0.001978838528178605	0.01320846563041268
MIMAT0001341	-1.8734747201217892	0.0019807795525934382	0.01320846563041268
MIMAT0001638	-0.38230124461226145	0.00201866473221268	0.013394785193549164
MIMAT0004924	0.3862669941941262	0.002119846017304857	0.013997218555439422
MIMAT0003393	0.9816755474617351	0.0021498015019166703	0.01412576889308173
MIMAT0003253	-0.10866599930108674	0.002164460998735537	0.014153053229595963
MIMAT0003887	0.2402021043381963	0.002312956160484964	0.015050975595039838
MIMAT0017989	0.4610084806423954	0.002345780552138432	0.015191184633319558
MIMAT0000751	0.37716340793665676	0.0023727611829159833	0.015292389059271912
MIMAT0003340	-0.7908629673854229	0.00247942179855157	0.015903719822137927
MIMAT0003238	-0.15946397311607852	0.0025365839324772116	0.016175533230827627
MIMAT0004671	-0.18060897210700935	0.002545815178125803	0.016175533230827627
MIMAT0004587	0.44775373625224113	0.002599688265385143	0.016440282128984917
MIMAT0004772	0.22897436916996317	0.0026593309667302238	0.01673887295413837
MIMAT0016860	-0.2569765131529548	0.002690942472926085	0.01684767222046403
MIMAT0014983	0.25166519027414763	0.0027062923591302445	0.01684767222046403
MIMAT0004516	-0.16181086930093938	0.0027141387318787634	0.01684767222046403
MIMAT0000703	0.7283649003325524	0.002753736057927952	0.01701505720196767
MIMAT0004588	0.2943971157557211	0.002803216503775426	0.01724170150952283
MIMAT0016869	0.10068130382766628	0.0028813715530913663	0.01764185219097305
MIMAT0014992	-0.17626529456485968	0.002912124079722494	0.017677850149935847
MIMAT0000281	1.6061087176939157	0.0029134986884081352	0.017677850149935847
MIMAT0005932	-0.1564017877724205	0.0031006457092023995	0.01872901242285037
MIMAT0004765	0.4920354753773043	0.003116993310325054	0.01874370530807075
MIMAT0002821	0.7459231110638834	0.0031896036029723253	0.01909509356979432
MIMAT0004946	0.28578203226062776	0.003229392244438058	0.019247749350699398
MIMAT0015220	1.1043204070713362	0.0033421610585138446	0.019832118704044707
MIMAT0004657	-0.18026662936258483	0.0033645244261532314	0.01987725614924738
MIMAT0002854	-0.1692613499770649	0.003428564230438206	0.02016714418515399
MIMAT0005918	-0.1510258820045327	0.0036511950830748568	0.02138330337783405
MIMAT0005903	0.23016795464595433	0.003794211273114918	0.02202500710912581
MIMAT0018096	-0.12428919956047738	0.0038177806084336964	0.02202500710912581
MIMAT0003301	0.18119525242206116	0.003822267315056092	0.02202500710912581
MIMAT0003259	-0.16342030461903798	0.0038261705000263097	0.02202500710912581
MIMAT0003258	-0.7459231139490196	0.0038773524781523638	0.022224654417324397
MIMAT0018193	0.15168446947328798	0.003932265222783706	0.02244390362326124
MIMAT0001635	0.9601571805749199	0.003965283270138869	0.02253257650811372
MIMAT0002828	0.25870139639654544	0.003981257022220538	0.02253257650811372
MIMAT0000243	-1.8362012734616306	0.004134462100538913	0.0233017592026189
MIMAT0003322	-0.40631677190351545	0.004178067848967425	0.02342972067274134
MIMAT0004567	-0.10583707127147637	0.004191954478196484	0.02342972067274134
MIMAT0018001	0.24577076483459065	0.004361600417803222	0.024277172573474958
MIMAT0004482	0.2776556635575612	0.0045268439376163604	0.025062114140923575
MIMAT0000102	0.4828661331249453	0.004539833593456089	0.025062114140923575
MIMAT0002864	-0.13180782096660823	0.004559977149523863	0.025070568246565887
MIMAT0015034	0.11550813304675843	0.00471382100488946	0.02577828704444832
MIMAT0018183	-0.09244274695322643	0.0047269761692492465	0.02577828704444832
MIMAT0016881	0.17016594287965278	0.004770302537785859	0.025909667412893356
MIMAT0000723	-0.14917679819517765	0.004877843349342204	0.02631208975761562
MIMAT0015016	-0.2101880225578238	0.00488346135070817	0.02631208975761562
MIMAT0018069	-0.08854597029700095	0.005008698538620358	0.026773244017558272
MIMAT0005584	0.22582051929953448	0.005008802889699098	0.026773244017558272
MIMAT0000454	1.3635562696056442	0.005203649659223903	0.02770480668369406
MIMAT0000715	-0.20360210774719723	0.0052950420666865745	0.02802895526009964
MIMAT0005882	-0.1399754875416607	0.005306149659484342	0.02802895526009964
MIMAT0004774	0.3694722435082511	0.005359646031977657	0.028200950019819936
MIMAT0016854	0.19834387544893253	0.005576698129980249	0.02922884194974084
MIMAT0015025	-0.07640397239995937	0.005774213383574132	0.030146765223544016
MIMAT0004812	-0.1870164219409727	0.00597612443895014	0.03108046185044725
MIMAT0017990	-0.24432590430071088	0.006008040436096321	0.03112627102854517
MIMAT0012734	0.39913666030334566	0.006067532369378151	0.03131404636610103
MIMAT0000430	-0.12318160203885462	0.00611727576972314	0.03145026893823309
MIMAT0005889	-0.20173554123602486	0.006168096699460203	0.031590974350467274
MIMAT0018358	-0.14409979477653576	0.0061959416003863005	0.031613383847425555
MIMAT0003250	-0.12440969271086626	0.006226957446337257	0.031651742189495416
MIMAT0003417	-0.1486353022137289	0.006273171061510232	0.031703753669620686
MIMAT0005911	0.6231716825103876	0.006284262976829045	0.031703753669620686
MIMAT0003261	-0.0836057921213874	0.006449498506342346	0.03241594958225052
MIMAT0002843	-0.24864929772066005	0.006557272717393347	0.03283511654397338
MIMAT0004907	-0.1678323725900566	0.006652023856154995	0.03304203638775442
MIMAT0015051	0.34478150704827987	0.006666668279230813	0.03304203638775442
MIMAT0003290	0.0704002655370422	0.006672185521506461	0.03304203638775442
MIMAT0016884	1.097888646851063	0.007069937724061498	0.03488353888025948
MIMAT0003243	-0.14202580565943773	0.007174205634469534	0.03521598695224778
MIMAT0006790	0.16623897931074472	0.007207606235467339	0.03521598695224778
MIMAT0000510	0.6683563534152436	0.007215747883311349	0.03521598695224778
MIMAT0015052	-0.08235452721225536	0.007554685921229342	0.03673704669998528
MIMAT0018000	0.2047976444555756	0.007584752998677406	0.036750583774167137
MIMAT0000271	-1.9989644421358719	0.007694594709302424	0.03707012056140439
MIMAT0000241	-0.12848355608093615	0.007724009182079861	0.03707012056140439
MIMAT0005824	-0.14901449224334684	0.00775255472211028	0.03707012056140439
MIMAT0008398	0.10305516329552535	0.007760782478334105	0.03707012056140439
MIMAT0016916	0.5698083382582296	0.0079044224265721	0.03762281628477957
MIMAT0000227	0.9085662740113862	0.008211828022501012	0.038948353332073464
MIMAT0004284	0.0786885727700218	0.008347701071008604	0.039413459100277166
MIMAT0003297	-0.19199554795848295	0.008368410766651277	0.039413459100277166
MIMAT0018356	0.2546114008259815	0.008641591357815056	0.040441548967830795
MIMAT0011161	0.1629898601145189	0.00864674543632908	0.040441548967830795
MIMAT0003318	0.30261523562539006	0.008782728571647072	0.040878283121521246
MIMAT0004801	-0.1725246774780698	0.008800818192458175	0.040878283121521246
MIMAT0004836	0.08827368981016775	0.009127621540171299	0.0421208078074134
MIMAT0003423	0.794091035732729	0.009156494096155847	0.0421208078074134
MIMAT0018091	-0.1163039235493539	0.00916213562551754	0.0421208078074134
MIMAT0002879	-0.1545090023829434	0.009364987562651242	0.042849652213393576
MIMAT0018185	0.6271860558338769	0.009384296512955534	0.042849652213393576
MIMAT0016924	0.10722899396010092	0.009465810520879664	0.043075833687921984
MIMAT0015072	0.6493308727109395	0.009571145792834036	0.04340852990891396
MIMAT0007399	-0.11814970512194731	0.009714948238451072	0.04391287005769663
MIMAT0016870	0.0795669077438794	0.009808787098010831	0.04405955641698322
MIMAT0004793	-0.17905487761603037	0.009837886191304055	0.04405955641698322
MIMAT0000232	-1.7800607074613148	0.009872843395908309	0.04405955641698322
MIMAT0015077	0.1886667151458872	0.009878237593117246	0.04405955641698322
MIMAT0004798	-0.17932469140983703	0.01013216728726309	0.045043001108724036
MIMAT0002867	-0.11460196135331874	0.010496081881197775	0.04639531722149382
MIMAT0016892	-0.08075382532416746	0.010505250001897264	0.04639531722149382
MIMAT0018098	-0.10248312178499953	0.010582712759976283	0.04658468656107207
MIMAT0017983	-0.14220189281878268	0.010623791975633916	0.04661318498755337
MIMAT0000231	-2.027850304691676	0.010773234263932887	0.047115410888044156
MIMAT0005916	-0.14179498059402157	0.01097747679014433	0.04785327260946412
MIMAT0001541	-0.1612930834564378	0.011087721141477012	0.04817793670183721
MIMAT0000722	-0.7528040407250982	0.011240339114536374	0.048684041116657535
MIMAT0018200	-0.16237983587088614	0.011297570628386754	0.048775088578323585
MIMAT0004501	-0.11538585843196038	0.011414146868889646	0.04912094515141966
MIMAT0018090	-0.13987024015799474	0.011458111368963674	0.04915310832482187
MIMAT0000764	-0.10549870467410796	0.011564754533342724	0.049453093194960794
MIMAT0014980	-0.10196317777092112	0.01194487884593322	0.050612701139182405
MIMAT0004757	0.33442336309252196	0.011955109149831975	0.050612701139182405
MIMAT0000772	0.27153733862469914	0.011962953593858267	0.050612701139182405
MIMAT0015054	0.1142715957299521	0.011986229891164948	0.050612701139182405
MIMAT0018201	0.44460812821096657	0.012131275210455284	0.051065086589010204
MIMAT0004985	-0.1389653715557165	0.012255165216117827	0.05142588020595238
MIMAT0015004	-0.14589097065941276	0.012888559256977315	0.05380129121587116
MIMAT0005913	0.16747631334223642	0.012915747627057517	0.05380129121587116
MIMAT0014994	0.15054386873797207	0.012941067820298632	0.05380129121587116
MIMAT0000996	0.11604570888194543	0.013054224933872965	0.05409079579688812
MIMAT0014701	0.10026206773749388	0.013091016651659633	0.05409079579688812
MIMAT0000280	-1.8190114821705192	0.013269247430007196	0.05465956051443331
MIMAT0015009	-0.18985356014857788	0.013333187900781692	0.05475550031205164
MIMAT0016852	0.9387022222778444	0.013511328435186175	0.055268384712610544
MIMAT0004559	0.6013665294600962	0.013540138793735322	0.055268384712610544
MIMAT0002810	-0.09975244098523223	0.013596222158610371	0.055329641231565474
MIMAT0004927	-0.1179382582345604	0.013741099785481659	0.05575078738266204
MIMAT0015063	0.10638278635165739	0.014629386978557653	0.059176529309661136
MIMAT0002830	-0.17249234918961098	0.015036503500958887	0.06064122819099287
MIMAT0015056	-0.1310966133053908	0.015145380608197838	0.060897993072365625
MIMAT0004970	0.061851771845584866	0.015233527714125727	0.0610701244968076
MIMAT0005890	-0.11107129355813183	0.015318565087600709	0.06107663163639477
MIMAT0003245	-0.1162413635165553	0.015342377363145112	0.06107663163639477
MIMAT0001576	0.16263730532405773	0.015414225429898313	0.06107663163639477
MIMAT0005919	-0.15511441687665248	0.01541652171965421	0.06107663163639477
MIMAT0000719	-0.12397808701135889	0.015485139108043946	0.0611685700250299
MIMAT0004755	-0.11733567672525659	0.015591151692957612	0.061407255352087436
MIMAT0014978	-0.1036597775280099	0.01569461412912403	0.06163453420387775
MIMAT0005948	0.9360475110110504	0.015742902102301774	0.06164444515058282
MIMAT0018202	-0.1209263778346565	0.015966549374786792	0.06233896234155887
MIMAT0015057	0.17511689896994598	0.01641628777884549	0.06378447803543402
MIMAT0007348	0.07416106191329173	0.016431487660204608	0.06378447803543402
MIMAT0002834	-0.14090705837504827	0.016493023997798603	0.06383937737078942
MIMAT0015008	-0.1348993592089526	0.016755634619337427	0.06467002817262898
MIMAT0004502	-0.17192004132180527	0.016854364818943996	0.06486522688890732
MIMAT0004506	0.10745476138789038	0.01699781037864788	0.06523091333344357
MIMAT0003254	-0.14815751682982292	0.017119108964436292	0.06550977208834001
MIMAT0005941	-0.10103148740901675	0.017402992752305117	0.06640745393018412
MIMAT0003881	-0.09905871662687424	0.017453667955898124	0.0664126856965954
MIMAT0002848	-0.12721627672238367	0.017825012618890322	0.06763462534547961
MIMAT0000077	0.4479348027845016	0.01788257022633433	0.06766242161480995
MIMAT0003330	-0.2664385266359052	0.018227650167497663	0.0687324381344736
MIMAT0005792	0.6220945589925595	0.018267418598471825	0.0687324381344736
MIMAT0004564	-0.9556735409181333	0.018356262466203796	0.06887433298600701
MIMAT0000690	0.19412190377191071	0.019214728577650993	0.07189510942804414
MIMAT0008401	-0.06894551322443623	0.019315435699882543	0.07207172268072518
MIMAT0004495	-0.5244949191708655	0.019389260155391358	0.07214732991522696
MIMAT0002832	-0.12222277592625302	0.019541162196335095	0.07251224649714427
MIMAT0004687	0.46076833304711645	0.019871672407182527	0.07353610640789798
MIMAT0005896	-0.1555689823750552	0.0201674284258366	0.07431979566275489
MIMAT0002804	0.12897371528015478	0.020193797485202888	0.07431979566275489
MIMAT0002863	-0.10628995617922342	0.02030609725250062	0.0745294632128565
MIMAT0018190	-0.1323529118219114	0.0204511729508876	0.07458282059110226
MIMAT0011157	0.4215225006983698	0.020591263806393888	0.07458282059110226
MIMAT0004615	0.2323110217522987	0.020592035811219718	0.07458282059110226
MIMAT0000096	1.1103841028886288	0.020625316084187426	0.07458282059110226
MIMAT0003424	-0.5850371840417733	0.02062828798075086	0.07458282059110226
MIMAT0003220	-0.11416663202268096	0.020652852324039454	0.07458282059110226
MIMAT0002874	-0.6329368575640065	0.020734180543661843	0.07466748757814584
MIMAT0000422	0.214097691113208	0.02085863333138943	0.07466748757814584
MIMAT0015039	-0.08527699283551438	0.02087774701823115	0.07466748757814584
MIMAT0001000	-0.08545585128155803	0.020898027332561974	0.07466748757814584
MIMAT0018099	0.13522382188284487	0.021047937262353943	0.07492305994049854
MIMAT0004513	0.28502706049013016	0.021080801571973975	0.07492305994049854
MIMAT0016909	-0.0825379363864488	0.02182620948916128	0.07736816889973748
MIMAT0005934	-0.08716815289970081	0.0220969938091836	0.07812244267971209
MIMAT0002187	-0.07194406707882625	0.022383387229395025	0.0787684609669719
MIMAT0014351	0.07796457538514842	0.022396674499146427	0.0787684609669719
MIMAT0010205	-0.27341341291294136	0.02256558990379836	0.07902215266632093
MIMAT0003275	0.08279367796086028	0.022586138661123648	0.07902215266632093
MIMAT0004987	-0.1163887523595141	0.022801501247247186	0.07956896937834705
MIMAT0015031	0.0873677030371817	0.022883564783350095	0.07964899680406351
MIMAT0003225	-0.10264164129809933	0.02317959266188587	0.08047142091639245
MIMAT0007883	0.19904793152439915	0.024039563441133442	0.08324239577173971
MIMAT0002833	-0.09139340500664715	0.024569571264876553	0.08485951921484287
MIMAT0018186	-0.09255109852350309	0.024774688122909186	0.08534911739529072
MIMAT0003335	-0.07736024824257588	0.025307314933331933	0.08696161534489315
MIMAT0004929	-0.16257017573611787	0.02569907573440322	0.08808309163929043
MIMAT0000417	-0.9751601768358364	0.025797865725748215	0.08819727191010875
MIMAT0004584	0.09475916357102351	0.026262035082511237	0.0895568639396016
MIMAT0015026	-0.08945136902028063	0.02640655015507686	0.0898222804517387
MIMAT0000438	-0.6183600187019084	0.02650605347177259	0.08993363734629138
MIMAT0005868	-0.10286204918586202	0.02661334837288867	0.09007080466904784
MIMAT0000707	1.3372707759198899	0.02679703255857575	0.09046517006616926
MIMAT0004679	-0.06876489083367762	0.027483946525363928	0.09220182610364899
MIMAT0005952	0.17570088836196426	0.02750404630604227	0.09220182610364899
MIMAT0000262	-0.09050189748648643	0.027516803336055603	0.09220182610364899
MIMAT0018351	0.08698210728538053	0.02761519781934598	0.09230191429940207
MIMAT0016877	-0.0999993466409345	0.02780145185974807	0.09269444469079369
MIMAT0004698	0.08308485758431834	0.028212933260340474	0.09383412617698425
MIMAT0005825	0.23580705461207513	0.028962953945783115	0.0960913767610095
MIMAT0018187	-0.10927669722005605	0.029219564144482606	0.09670455258628519
MIMAT0017985	0.4309743338311085	0.029817664231873774	0.0984421414714068
MIMAT0000757	0.4465160101178796	0.030340952912060466	0.09978808932115972
MIMAT0001075	-0.12003123307081899	0.030373508999016696	0.09978808932115972
MIMAT0001625	-0.18970892609491705	0.030572361229977873	0.10003355299333626
MIMAT0000081	0.5815714046297717	0.030610696012868335	0.10003355299333626
MIMAT0004511	-0.11204877741813074	0.0306710151345567	0.10003355299333626
MIMAT0018197	-0.1281524727418415	0.030872841393418102	0.10044859264959947
MIMAT0002846	-0.11767120460224711	0.03094952265081618	0.10045543857987806
MIMAT0014977	-0.12142330901459661	0.03122863300482216	0.10111771311897944
MIMAT0016898	-0.06767340664566658	0.031479061373220485	0.10168416227752516
MIMAT0016893	0.15335121980170816	0.031723396944886406	0.10182072865623867
MIMAT0003164	-0.14105721519506806	0.0317363585309835	0.10182072865623867
MIMAT0000421	-0.10816321653153076	0.03177893692091903	0.10182072865623867
MIMAT0003214	-0.08524813443486344	0.03182370212641164	0.10182072865623867
MIMAT0015044	-0.08117400096319048	0.03215088047346877	0.10239425730916321
MIMAT0003888	0.5936030042611752	0.03215498948906907	0.10239425730916321
MIMAT0015069	0.1338506167161839	0.03235461020741325	0.10262126199009887
MIMAT0015002	0.7249622108441767	0.03237864613644545	0.10262126199009887
MIMAT0018204	-0.11096836231402563	0.032931786615098324	0.10391140226806111
MIMAT0003412	-0.11089854499069109	0.03293999166181299	0.10391140226806111
MIMAT0011162	0.16484688138339643	0.03310759478939766	0.10419609855448284
MIMAT0006764	0.5275549514963993	0.0333442689519312	0.10469634097494482
MIMAT0004952	0.9506196020406923	0.033455315769096064	0.10480072172319162
MIMAT0002838	0.08425058811719732	0.03356840214231567	0.10491099231020698
MIMAT0004490	-0.10623537631302836	0.03394062495336548	0.10582875419486874
MIMAT0005940	-0.14530525660161392	0.03402627421956369	0.10585078839203763
MIMAT0005927	0.4757992105990583	0.03469567885489979	0.10768451478698161
MIMAT0000078	0.7033334560597867	0.035001927069807	0.108385277616161
MIMAT0015060	-0.12967886463875977	0.035448413684197135	0.10926707359778493
MIMAT0004955	0.7949426079840799	0.03544893182051374	0.10926707359778493
MIMAT0005588	0.07516512282488104	0.03572855476397516	0.10987754170564963
MIMAT0014689	0.08804306512376282	0.03593890854997611	0.1102726875098356
MIMAT0005955	-0.0765883802748641	0.036089149216267845	0.1103461136795876
MIMAT0000759	0.7434540013504878	0.03612667864342846	0.1103461136795876
MIMAT0003216	-0.17085618823921184	0.03640837950261719	0.11095494839372251
MIMAT0003278	0.3506515543369114	0.03667356831770246	0.11126511828500603
MIMAT0002858	-0.11965939943202702	0.03667536192913339	0.11126511828500603
MIMAT0003293	-0.10299580576059951	0.03677674656525552	0.1113219721874139
MIMAT0001545	-0.6629629516366135	0.03710737593443665	0.11207093135355643
MIMAT0005800	0.07048782627029364	0.03786832499168291	0.11411327463936663
MIMAT0015000	-0.08036792021524106	0.0383048375030614	0.11517101811746362
MIMAT0003300	0.19651414264577668	0.03860907821322197	0.11541458801608556
MIMAT0003948	0.3570814649246913	0.038642501015655965	0.11541458801608556
MIMAT0000771	-0.08829590196072179	0.03865883154067516	0.11541458801608556
MIMAT0004488	-0.12678737812523963	0.038728577418909185	0.11541458801608556
MIMAT0007401	0.1338588145226115	0.03901938745212465	0.11602453619870177
MIMAT0004612	0.09960509865214422	0.039584208436346066	0.11744477701268316
MIMAT0016880	-0.45271303295668086	0.039689484585134	0.11749832029928682
MIMAT0003319	-0.08996936526038979	0.04065826739177175	0.11989655915095031
MIMAT0003244	-0.10136731842292672	0.040691010292402345	0.11989655915095031
MIMAT0004595	-0.9261173312726044	0.0407666103126468	0.11989655915095031
MIMAT0015083	-0.6624529484363822	0.04100498329145053	0.12015644995873852
MIMAT0003276	-0.06304449760926112	0.041033383059405876	0.12015644995873852
MIMAT0005572	-1.0994259100175698	0.041240535693755784	0.120501088024922
MIMAT0000226	1.1343725869456174	0.04144587200742202	0.12083893851514603
MIMAT0001631	-1.4797166420424985	0.04192680714296264	0.12197712574853278
MIMAT0016863	0.09305455022068829	0.0429634268359808	0.12472356885359082
MIMAT0005884	-0.11547629204959212	0.04310430597645049	0.1248634411833953
MIMAT0002173	2.251751330537827	0.04343483079941294	0.1255508950360713
MIMAT0000685	0.8058468614036315	0.04376456063673027	0.1261968650951512
MIMAT0000436	-1.7702782085588538	0.04384568141390554	0.1261968650951512
MIMAT0014694	-0.42599558903725776	0.044286074082718736	0.12719262641667833
MIMAT0018070	-0.10342685461315444	0.04448621731102983	0.1274956057828876
MIMAT0015066	0.6222808386711092	0.04469033032722005	0.12780865170013886
MIMAT0000244	-0.6954995923504852	0.046044556520238165	0.1313337176295576
MIMAT0003292	0.35591499031281765	0.04611792757147791	0.1313337176295576
MIMAT0004909	-0.07997230814213435	0.04635310975657525	0.1314516572920583
MIMAT0000076	-0.9992470516859148	0.04635451908962709	0.1314516572920583
MIMAT0015085	0.15549632485906636	0.046793902916114065	0.1323646196641865
MIMAT0002837	-0.12194231215603213	0.04687299449132662	0.1323646196641865
MIMAT0003165	0.31936573756842485	0.04756013945155888	0.1340240749816942
MIMAT0000070	0.6390862514337186	0.04801743790146451	0.13503024812791795
MIMAT0005906	-0.055578593707935206	0.04816309995882791	0.1351576992594608
MIMAT0000731	-0.2471252536369283	0.04906354087985571	0.13739831510429448
MIMAT0016912	-0.08083021338629029	0.04927603906554974	0.13770710502343464
MIMAT0000735	-0.08638550836366407	0.050240444779855405	0.1400941418734564
MIMAT0003717	-0.08409679779689383	0.05033820687954929	0.1400941418734564
MIMAT0007881	0.08629036940511386	0.051836384190828706	0.14367086178697702
MIMAT0018354	-0.16421181339683316	0.051836702916459414	0.14367086178697702
MIMAT0000091	0.40389284753570676	0.052073949512765734	0.14403205337514466
MIMAT0000092	0.6168909730943956	0.052336322112170826	0.14446111861699612
MIMAT0016844	-0.09051641645584571	0.052779345854208466	0.14538605084993622
MIMAT0009978	-0.14240354851817386	0.05311363305325543	0.1460082933117042
MIMAT0004504	1.6972336836582806	0.05356645217412633	0.14695317938604516
MIMAT0004958	0.33660979641815075	0.05375889935112906	0.14718137688205457
MIMAT0005799	-0.061514972786155524	0.053934699303288945	0.14736316422217083
MIMAT0000461	0.5527058117402266	0.05459358453787058	0.14886145419536775
MIMAT0002184	0.07801449068122358	0.05528194268867734	0.15043389252858258
MIMAT0002842	-0.0877141112890261	0.055911905858199405	0.15184140562700524
MIMAT0014985	-0.07266314083666268	0.056046226657765014	0.151899934221347
MIMAT0011160	-0.10426581816733649	0.05658521921680253	0.15305279173701408
MIMAT0000276	-0.628951038274552	0.05834532369780356	0.15696680554431108
MIMAT0003421	-0.08264969199093207	0.05838292237275653	0.15696680554431108
MIMAT0005870	-0.11253587222599758	0.058480645240993036	0.15696680554431108
MIMAT0005899	-0.08175999374016572	0.05849839375148046	0.15696680554431108
MIMAT0018349	0.4917792798794515	0.059188565794658365	0.1585029783805265
MIMAT0015024	0.061123990595616406	0.06016883710950838	0.1605653173609629
MIMAT0017991	0.2979243660663301	0.060408109311649076	0.1605653173609629
MIMAT0003945	0.6296565771971644	0.06041136402074632	0.1605653173609629
MIMAT0017986	-0.12714147332125214	0.0604394550324942	0.1605653173609629
MIMAT0003280	-0.09827168575027105	0.06055470023709663	0.1605653173609629
MIMAT0003321	-0.07998859123954558	0.06158246322858595	0.16296970131415575
MIMAT0004917	-0.07641843576083958	0.06346036816294545	0.1676100312068383
MIMAT0000727	0.7212077509348586	0.06366371669095132	0.1678180555434666
MIMAT0014707	-0.44306465160762437	0.06414944817874599	0.16875167409026576
MIMAT0005827	0.3253726993331857	0.06426845494306335	0.16875167409026576
MIMAT0001532	-0.09607475614377697	0.06585013348781402	0.1725683459301274
MIMAT0002805	-0.13357164326002643	0.06609232159099014	0.17268966361642513
MIMAT0009201	0.06800028560801666	0.06615283327845238	0.17268966361642513
MIMAT0015073	0.12091659045293626	0.06691317261255761	0.17433664121685707
MIMAT0002806	0.15643248016567624	0.06735180804826896	0.17514070548459126
MIMAT0000462	0.40399542214830847	0.06752135018185343	0.17524327301533058
MIMAT0018117	-0.06723346511251327	0.06825788086287714	0.1768141644659529
MIMAT0014989	0.07512582446899488	0.06857020316660964	0.1772822719106011
MIMAT0003307	-0.06554931563653961	0.06876109446980365	0.17743523802840136
MIMAT0004761	1.0307862829508303	0.06922221555343891	0.17828360296459314
MIMAT0016865	0.6277198017654515	0.06956561703244452	0.1788261185929442
MIMAT0015011	-0.06315474210394101	0.06990009062348011	0.17934366108538613
MIMAT0002170	-0.06447102462307787	0.07068512468525423	0.18101304743543242
MIMAT0000738	0.41570087413658197	0.07086659708968042	0.18113340850056836
MIMAT0018115	-0.062371216355679604	0.07116841935463639	0.18156034255813489
MIMAT0003314	-0.09809398459204009	0.07171147959384398	0.18252592060198483
MIMAT0000099	0.5145048789311061	0.07211089142223494	0.18252592060198483
MIMAT0004957	0.38614892974618253	0.07212576519992689	0.18252592060198483
MIMAT0003285	-0.09359014493527248	0.07216871860817956	0.18252592060198483
MIMAT0015013	-0.09471927431518742	0.07222443628868443	0.18252592060198483
MIMAT0000089	2.1540027267621977	0.07277977790889145	0.18358494539939474
MIMAT0003331	-0.09652564970691338	0.07325004617852003	0.18412826424104872
MIMAT0000705	0.4537390241704705	0.07326855949012778	0.18412826424104872
MIMAT0005892	-0.07278125913113524	0.07406177649420712	0.18577507064748042
MIMAT0005874	-0.0843678713104254	0.07435045119155054	0.18615252370821295
MIMAT0004685	-0.06871722761815788	0.07475882271455082	0.18682770722912795
MIMAT0000684	-0.1181010175143347	0.07537028669004874	0.1880069929101771
MIMAT0004699	-0.08937803939387191	0.07564343280910085	0.1882553244690295
MIMAT0018004	0.09542728937814815	0.07591864955456248	0.1882553244690295
MIMAT0015005	-0.4179889933865711	0.07604330406243698	0.1882553244690295
MIMAT0002825	-0.11630500992976482	0.07615280749339086	0.1882553244690295
MIMAT0004607	0.05540398866236602	0.07616863536423243	0.1882553244690295
MIMAT0004796	0.07583102844468856	0.07685771975561188	0.18938020056593408
MIMAT0004780	0.32555571725743127	0.07690495152900217	0.18938020056593408
MIMAT0004835	-0.07134554613461014	0.0775024987349708	0.1905034047372366
MIMAT0005875	-0.08410719777912	0.07775845033954755	0.1906762473682466
MIMAT0002871	0.33243975226949973	0.0778559287695142	0.1906762473682466
MIMAT0001574	0.06106599941385631	0.078169532655153	0.1910968429881871
MIMAT0003281	-0.10175473118303086	0.07859577133461888	0.19179076809371673
MIMAT0002878	-0.09008779293102642	0.07938967438499825	0.19337774212765396
MIMAT0016889	0.560123376089324	0.07953831819666171	0.19339009857563777
MIMAT0018083	-0.09855409001142962	0.08008697325680106	0.1943732486070469
MIMAT0000245	0.5497783885750143	0.08078374504427509	0.19547621728888184
MIMAT0014984	0.08317820858554954	0.08083166520408848	0.19547621728888184
MIMAT0000710	-0.622633828426641	0.08128600245240303	0.19609243022822326
MIMAT0000433	-1.4312582664492435	0.08137763065892858	0.19609243022822326
MIMAT0009150	0.05525105120579246	0.08234262490743684	0.19806342098270968
MIMAT0004756	0.10573940276721439	0.08288601233408295	0.19877440160527407
MIMAT0011156	-0.067543364135275	0.08293334350568969	0.19877440160527407
MIMAT0002818	-0.07157103461209452	0.08346441846431112	0.1996919567876147
MIMAT0005793	0.4625489575097518	0.08395563920567581	0.20051107448589592
MIMAT0003389	-0.54130751771732	0.08509402930520216	0.20287019021965894
MIMAT0015042	-0.06601609667711014	0.08539738016596798	0.20323369449392029
MIMAT0018081	0.21507358174089014	0.08661959703522674	0.2057241929998265
MIMAT0000714	-0.0748608536072273	0.08685046865332556	0.2057241929998265
MIMAT0003327	-0.09741485416236942	0.08690205331618506	0.2057241929998265
MIMAT0018199	-0.09117269387031589	0.08968653199180647	0.2119434361280058
MIMAT0003248	-0.08293541877546035	0.08990928072803406	0.21209772529012585
MIMAT0000062	-0.3570003458813152	0.09017956456164353	0.21236341514778642
MIMAT0003295	-0.07418578895763138	0.09183214253554914	0.21554436909363958
MIMAT0014704	-0.6526184847809716	0.09185038445415673	0.21554436909363958
MIMAT0018080	0.17004282162410314	0.09326547648029594	0.2184004600877582
MIMAT0016864	0.1479220339426723	0.09339173348964272	0.2184004600877582
MIMAT0004610	0.5922135448970065	0.09370700864480354	0.2186208726184437
MIMAT0015036	-0.48580543819418825	0.09381058973530844	0.2186208726184437
MIMAT0018446	-0.092799326320329	0.09519625671732465	0.2213416021347499
MIMAT0004696	-0.0624281665490829	0.0953311800668058	0.2213416021347499
MIMAT0004785	-0.09482822670086848	0.0954710251227095	0.2213416021347499
MIMAT0004744	-0.0637202228690646	0.09701489759145518	0.22439892171408618
MIMAT0000085	-0.4909677208093414	0.0972641143733592	0.22439892171408618
MIMAT0001339	-0.09905347714664695	0.09728951023090299	0.22439892171408618
MIMAT0018189	-0.10549925997694752	0.09823770541545632	0.22619861400789684
MIMAT0018181	-0.076173495618344	0.09854600383335806	0.22652127502309435
MIMAT0015032	-0.07548263955351475	0.09878842768661188	0.2266916730730259
MIMAT0005956	-0.07916723021896474	0.09907201519011677	0.22695578989980833
MIMAT0015062	0.1272667249273624	0.09936026581284585	0.22722967410849465
MIMAT0004586	-0.1107502734458761	0.09975841633697333	0.22739115947872754
MIMAT0003288	-0.07798526180556888	0.09976850427017668	0.22739115947872754
MIMAT0003267	-0.06947129164507956	0.10216019979498872	0.23244896811461116
MIMAT0016913	-0.05809609536580943	0.10253399634347907	0.23290605914783524
MIMAT0002866	-0.08615292271367422	0.10328660560189316	0.23422063593560621
MIMAT0003418	-0.06484903322066607	0.10390450793001714	0.2352258355995514
MIMAT0004489	0.07512868911212661	0.10516868412541047	0.237491470116484
MIMAT0008403	0.05006074290745195	0.105376651067801	0.237491470116484
MIMAT0000065	0.533720342877186	0.10543595631224548	0.237491470116484
MIMAT0018103	-0.0562739578853857	0.10561053496642459	0.237491470116484
MIMAT0005937	-0.07846714721027638	0.10761891980144044	0.24138381022557942
MIMAT0002877	-1.0300824773360093	0.10769982920977969	0.24138381022557942
MIMAT0004672	0.06769355956216043	0.10869419177924643	0.24320776798446003
MIMAT0000434	-1.2604573608244594	0.1092508067551016	0.24404782205492848
MIMAT0000269	0.378870869541949	0.10982284402082376	0.24491948823849274
MIMAT0014982	-0.1338970149588544	0.11093317574584508	0.2463785865579853
MIMAT0015214	-0.06824078760262943	0.11138551670671976	0.2463785865579853
MIMAT0005883	-0.06978291966438345	0.11141578825000464	0.2463785865579853
MIMAT0002835	0.07561458125703426	0.11152345293083595	0.2463785865579853
MIMAT0000717	-0.09051437973468013	0.11168886814420266	0.2463785865579853
MIMAT0018084	0.13021083456580518	0.11169641600334232	0.2463785865579853
MIMAT0003287	0.06321420324408346	0.11175747318999926	0.2463785865579853
MIMAT0003323	-0.08293364749197023	0.11364640914037559	0.24935650149015123
MIMAT0005933	-0.09191514961141445	0.11369078971292845	0.24935650149015123
MIMAT0009203	0.30248948585438923	0.1137385833443904	0.24935650149015123
MIMAT0011163	0.46460216861568715	0.11384873676053675	0.24935650149015123
MIMAT0012170	0.3538743044720264	0.11514777196607888	0.25179228707517576
MIMAT0001343	0.1669148944750914	0.11555293321919949	0.2522687213067451
MIMAT0005901	-0.18802829791777773	0.1162353031941522	0.2533478210396813
MIMAT0000074	0.42385547577872296	0.11739626449154432	0.2550646182917079
MIMAT0016874	0.06561660420261506	0.11740168028274603	0.2550646182917079
MIMAT0003316	-0.07108212024693902	0.11784437093762422	0.25529112222090816
MIMAT0007402	-0.07265441687968548	0.11788498739525233	0.25529112222090816
MIMAT0004658	0.1723878758536771	0.11900927881873238	0.25703014971291843
MIMAT0004486	0.11064407599790638	0.11923827702298657	0.25703014971291843
MIMAT0015019	0.21970461995194593	0.11942029393745465	0.25703014971291843
MIMAT0004980	0.1982133581950893	0.11953552310198777	0.25703014971291843
MIMAT0003414	0.05557941083987966	0.11964209641425377	0.25703014971291843
MIMAT0003242	-0.06474398178555832	0.11990898028123052	0.25719330643123806
MIMAT0018355	0.05750180805296111	0.12136330342737721	0.2598988389772291
MIMAT0002812	-0.06129629291029927	0.12342679759060263	0.2638982481818123
MIMAT0002880	-0.05654480282048707	0.1256547879318726	0.2679826898537512
MIMAT0004674	-0.09864647255819366	0.12583701134571804	0.2679826898537512
MIMAT0008404	0.5893599960979119	0.12593395892904566	0.2679826898537512
MIMAT0002859	0.09411378731583625	0.12762684078378797	0.27100747392887736
MIMAT0016867	0.06571371387098714	0.12775779208970833	0.27100747392887736
MIMAT0009451	-0.08240989506493743	0.12807294744698525	0.27124883680988854
MIMAT0018108	-0.05242386563334839	0.12908134490005402	0.27295537139775944
MIMAT0005877	0.06551918979059072	0.12992179424060846	0.27430196997194295
MIMAT0001080	0.2786972711506068	0.1310153368037301	0.27617786960035123
MIMAT0005936	-0.07050103365310605	0.13214963415667627	0.27754835140382417
MIMAT0016875	0.11307515715408491	0.13221608474699859	0.27754835140382417
MIMAT0003241	-0.10421643922410204	0.1322836240543839	0.27754835140382417
MIMAT0000681	0.32833732902165536	0.13282800577058773	0.2780014796924669
MIMAT0000692	-0.38648125816471235	0.13308430928645004	0.2780014796924669
MIMAT0015046	-0.1025224116027817	0.13320272735121794	0.2780014796924669
MIMAT0005867	0.12954933673863378	0.13332513428458323	0.2780014796924669
MIMAT0004903	0.15600128951904735	0.13445253665911225	0.2799189596287855
MIMAT0018067	-0.14537159550378936	0.1352038380720251	0.28090563591704343
MIMAT0003333	-0.06732816241351727	0.135343546926623	0.28090563591704343
MIMAT0015212	0.26481010028834867	0.13557822017891116	0.2809597885861436
MIMAT0015075	0.0431550059203736	0.13621956418820427	0.28185522728342727
MIMAT0005580	0.08804443295678704	0.13855428606334058	0.28624635479650273
MIMAT0005796	0.32223445201939527	0.1391611590933786	0.287059848849588
MIMAT0003240	-0.6269274353559398	0.13965032048928663	0.2876284123838977
MIMAT0003256	-0.05067617806140359	0.14208227125052986	0.29219056393047893
MIMAT0002876	0.39083966258381525	0.1426223763892895	0.2928541783481295
MIMAT0005577	-0.05030640051953597	0.14547907232735174	0.2982653126711458
MIMAT0002850	-0.0848102389637622	0.14590291145520456	0.29867966828291875
MIMAT0010202	0.1721013946796082	0.14649240447567383	0.29943136392827413
MIMAT0018361	-0.18899910336546707	0.14749430015138845	0.300858150547389
MIMAT0000253	1.0162849019000306	0.14763714737329187	0.300858150547389
MIMAT0014998	0.06600064179657657	0.14817887082331607	0.30150595014955706
MIMAT0003272	0.04993424977894792	0.14923446622708111	0.3031958159998164
MIMAT0000997	0.05465743262791262	0.14986450286106606	0.30401729721966264
MIMAT0004808	-0.09209881270778417	0.15193688119723478	0.3077578631168049
MIMAT0005458	0.4293736848198301	0.15230309277706838	0.3077907109290766
MIMAT0002819	-0.4710406307643452	0.15241009962115376	0.3077907109290766
MIMAT0009205	-0.05862027673288237	0.15266872109649193	0.3078514480793033
MIMAT0015029	0.0548092494514588	0.1533440798855092	0.3087510846125274
MIMAT0005912	-0.08857913668160089	0.15436667050271116	0.3096381648263328
MIMAT0016868	0.2541760420866681	0.15438107782286684	0.3096381648263328
MIMAT0004589	-0.15958429538041574	0.15447427376636647	0.3096381648263328
MIMAT0004555	0.23268160612117814	0.1561326524720451	0.31249729997005166
MIMAT0017994	0.06193587371360362	0.1572359874267582	0.3142386870383432
MIMAT0004802	0.06495439894760759	0.15811077693148348	0.315518839298827
MIMAT0014695	0.6901154085173394	0.15871261566805098	0.3162513214569004
MIMAT0010132	0.08227989700389411	0.1596891037548992	0.3177270646349324
MIMAT0018110	0.20122201490129946	0.16008048944752004	0.3180360166457367
MIMAT0003234	-0.04376354446846858	0.160660747083603	0.3187187427416985
MIMAT0004763	0.5515400514316867	0.16244241776002094	0.3217793187099238
MIMAT0018191	0.28802733120882357	0.163169481924817	0.32274492239754554
MIMAT0003341	0.2353234952169268	0.166205448915091	0.32826794675751847
MIMAT0000082	-0.2454986968170693	0.16663010020998065	0.3286248096381317
MIMAT0004983	-0.5344987184902088	0.16728296436295384	0.32921617611157633
MIMAT0015375	0.09375920062423428	0.16741876810425374	0.32921617611157633
MIMAT0004928	-0.06576368394312751	0.1683613527488425	0.33035502849744075
MIMAT0012595	0.038153981875420476	0.16848842210671255	0.33035502849744075
MIMAT0007887	0.04961535547394432	0.1705671500539307	0.33394469639919283
MIMAT0001583	0.15471187478052045	0.17163234722031467	0.33488116894774816
MIMAT0018192	0.049399261650436115	0.17171526735876047	0.33488116894774816
MIMAT0000069	-0.4701292192968649	0.17179130493162137	0.33488116894774816
MIMAT0004594	-0.2591556242924276	0.17287645897860526	0.33635003341753467
MIMAT0015281	0.40729688300161343	0.17304422654666038	0.33635003341753467
MIMAT0003251	-0.07587503179381262	0.17477276607134073	0.33897881792784285
MIMAT0011159	-0.04520420946792783	0.17489998400879792	0.33897881792784285
MIMAT0001575	-0.048391655916216865	0.176101334676883	0.340816807197933
MIMAT0009149	0.0996462246275782	0.1767349494185549	0.341343223142084
MIMAT0000254	0.6448372765474771	0.17688015571876364	0.341343223142084
MIMAT0002829	-0.0785855035629391	0.178231376555288	0.3432186595978438
MIMAT0005953	-0.04895933422066571	0.17859881666711297	0.3432186595978438
MIMAT0005886	0.05833185416783779	0.17861639226287193	0.3432186595978438
MIMAT0002816	-1.1392355562021876	0.17923815125694056	0.3437383033826761
MIMAT0003270	-0.14913328611226442	0.17955834841060364	0.3437383033826761
MIMAT0014696	0.3852265331234367	0.17965238721707794	0.3437383033826761
MIMAT0000068	-0.5201512776343824	0.18030157630138272	0.3444910968481738
MIMAT0005923	0.08885358344741696	0.18185469740327492	0.3468112009879382
MIMAT0000646	0.9870298818502006	0.18203082338416654	0.3468112009879382
MIMAT0004485	-0.0620636870015266	0.18296311754104466	0.34809508379630955
MIMAT0005894	-0.07255154130979154	0.18431454057963237	0.349793941978778
MIMAT0005591	0.08689667392958358	0.1845300236890709	0.349793941978778
MIMAT0005592	0.14634700401968725	0.18463510968590285	0.349793941978778
MIMAT0018106	-0.04817970190796552	0.18569614854794236	0.35106290401880214
MIMAT0014706	-0.056836050517994986	0.18582616968478538	0.35106290401880214
MIMAT0017988	-0.043476731403464676	0.18880915250516578	0.3559970373627927
MIMAT0005942	-0.3415928466422305	0.1889665046135091	0.3559970373627927
MIMAT0000094	0.5537206903531575	0.18965672904754796	0.3567983436131943
MIMAT0004676	0.3162126564776438	0.1926575303360825	0.3619382055267826
MIMAT0004608	-0.049797876924620135	0.193007876349672	0.362091378054329
MIMAT0003715	0.039958715922981045	0.19427796176629536	0.3639671967999998
MIMAT0004611	-0.05785422604611897	0.19563356092348938	0.3659977868943614
MIMAT0011777	0.3196065605786131	0.19645810052125304	0.36683625144762344
MIMAT0002194	0.04510133917971446	0.19662640946190357	0.36683625144762344
MIMAT0009199	0.08042066480920637	0.19834311579406103	0.3692645300963096
MIMAT0016883	0.09182366536278726	0.1984762581957893	0.3692645300963096
MIMAT0002189	-0.051324501022353586	0.19939154210811857	0.37045573409604926
MIMAT0004492	-0.08375494108229337	0.20142107548187424	0.37354815018352305
MIMAT0015376	-0.06826658373351828	0.2016106200322355	0.37354815018352305
MIMAT0003416	0.0769138517784283	0.20443263179672114	0.3782565316348673
MIMAT0002888	0.3344300889683204	0.20634994840605853	0.3812803573428818
MIMAT0015045	0.19876701969898955	0.20704007163756227	0.38203147465177584
MIMAT0004554	-0.05334853894265369	0.20749005996110367	0.38209840743661355
MIMAT0015055	0.06334445929687908	0.2076436779833713	0.38209840743661355
MIMAT0014700	0.03980484578835666	0.20867407380954234	0.3831263686063284
MIMAT0015018	-0.053072116575928786	0.2087711615122829	0.3831263686063284
MIMAT0018119	0.04406238621903317	0.20908107770001405	0.38317307709104614
MIMAT0018079	0.2356189235676626	0.2110157656133713	0.3858020615651608
MIMAT0004602	-0.4322695293545401	0.21154250634545543	0.3858020615651608
MIMAT0003246	-0.05610292188715817	0.21157614985677403	0.3858020615651608
MIMAT0002856	-0.07159760180593981	0.2116791579924436	0.3858020615651608
MIMAT0018105	0.06072338680709138	0.21195378365895587	0.3858020615651608
MIMAT0000444	0.4462508865831151	0.2125057421630307	0.3858020615651608
MIMAT0004923	-0.051139472480993396	0.21252051201287994	0.3858020615651608
MIMAT0000083	0.34164212746059275	0.21326050637789012	0.38620817186074446
MIMAT0014999	0.33920493034192273	0.2141523025985072	0.38620817186074446
MIMAT0003310	0.04955052619927603	0.21422077115582353	0.38620817186074446
MIMAT0000266	0.05648966812228528	0.21465451367521196	0.38620817186074446
MIMAT0002883	0.057110695710653275	0.21465899483786258	0.38620817186074446
MIMAT0000425	-0.3875840310557397	0.21475460178443237	0.38620817186074446
MIMAT0016850	0.05256246080419824	0.21519618940744678	0.38620817186074446
MIMAT0000718	-0.0566121535014738	0.2152253067711748	0.38620817186074446
MIMAT0004700	0.05056529390095925	0.21532467488301343	0.38620817186074446
MIMAT0005897	-0.05867824588211295	0.2158704945871477	0.3863246275549072
MIMAT0015651	0.3969821122568407	0.2159632105039682	0.3863246275549072
MIMAT0018112	-0.040121301483265946	0.21654182310001718	0.38684593596249756
MIMAT0005583	-0.23582429159315316	0.21846248591940712	0.3897602232231012
MIMAT0009448	0.5876586913440255	0.21905912507077682	0.38999605232741813
MIMAT0015033	0.075911075104234	0.2191737279969232	0.38999605232741813
MIMAT0004960	-0.056062417720887096	0.2211012912279689	0.39290691198426664
MIMAT0000075	-0.37516556861791933	0.22223495792031372	0.3938446099177757
MIMAT0018195	-0.08326860831722727	0.22244898481991163	0.3938446099177757
MIMAT0004766	-0.04147212020304581	0.222537233234291	0.3938446099177757
MIMAT0018184	-0.08561470277186287	0.2231986817509752	0.3938446099177757
MIMAT0004974	-0.08026622042930869	0.2233228976973356	0.3938446099177757
MIMAT0004754	-0.054599892157124096	0.22338328283383863	0.3938446099177757
MIMAT0018068	-0.37258902191434756	0.22419904869325832	0.39476616809126663
MIMAT0003215	-0.0509114209175359	0.22540841906231243	0.3963774679855546
MIMAT0015035	-0.09934845819860061	0.22610543543618222	0.3970847738364243
MIMAT0003422	0.05168122921512696	0.22694781437397385	0.39804519005435257
MIMAT0018120	0.03520063922405604	0.22788796838406072	0.3991743737494535
MIMAT0018194	-0.05303282029282687	0.22845654692693113	0.3996506087150341
MIMAT0000420	-0.3710126112984278	0.22909659678115127	0.39985350716951773
MIMAT0018196	0.047887542119086565	0.2291662268261824	0.39985350716951773
MIMAT0015079	0.30862343791131613	0.23110273940849335	0.40271072442851297
MIMAT0016926	0.1322120755335609	0.23307356851883348	0.40562028009672957
MIMAT0018182	-0.04649873998713061	0.23539456377756007	0.40913093859144956
MIMAT0018072	-0.47217505365163054	0.23601884066784917	0.4096873432726712
MIMAT0000457	-0.5781173002764967	0.23680091888643887	0.4105158786873014
MIMAT0009206	-0.06211845109846347	0.23747722939579757	0.41103004080551014
MIMAT0000458	0.14321159313483234	0.23770779642724008	0.41103004080551014
MIMAT0005929	-0.41581411352813474	0.24485885418638026	0.42285240588340284
MIMAT0005905	0.04781086267369518	0.24576487177962403	0.42309953640981124
MIMAT0004557	0.298843723705094	0.2458920687970238	0.42309953640981124
MIMAT0004556	-0.08010444951836927	0.2459442739486876	0.42309953640981124
MIMAT0005788	-0.5169810576715205	0.24736381309424138	0.4249987962218662
MIMAT0015030	-0.37064606554598317	0.24876675767396908	0.42686474214883613
MIMAT0003320	0.1861232573551497	0.24965284885569264	0.4278401875427709
MIMAT0012171	0.1735466571955352	0.2500783794876605	0.42802487569234904
MIMAT0005908	-0.0632396491251266	0.25082240176379855	0.42842126725745205
MIMAT0018164	0.10716023775417087	0.25117717982088794	0.42842126725745205
MIMAT0015652	0.5315226670664935	0.2512641433803913	0.42842126725745205
MIMAT0003303	-0.0569658226582944	0.2539210367884587	0.4316460078526965
MIMAT0004926	-0.12240259394016506	0.25407936950421095	0.4316460078526965
MIMAT0003426	-0.0449716836498732	0.254358208545968	0.4316460078526965
MIMAT0004811	0.10105030537170234	0.2548701201076246	0.4316460078526965
MIMAT0004686	-0.04743136264075313	0.25500301685798354	0.4316460078526965
MIMAT0005922	-0.3818053745282171	0.2550781159990694	0.4316460078526965
MIMAT0004792	0.04069576647944995	0.2558595206438372	0.4319874216651936
MIMAT0015238	-0.055534087097262284	0.2559212787593352	0.4319874216651936
MIMAT0017998	-0.037656098406601356	0.2563432230476726	0.43215809943080724
MIMAT0005946	0.38559728944277166	0.25752743497250086	0.43361181863494835
MIMAT0004510	-0.03714710169827799	0.25862710067741396	0.4349197311017186
MIMAT0002193	-0.45920791228919516	0.25901696766307086	0.4350322387059307
MIMAT0010133	-0.047671928661112146	0.25979773372381326	0.4356335097332913
MIMAT0004677	0.05804148277357055	0.2602647571081348	0.4356335097332913
MIMAT0005928	-0.07662637314638848	0.26034519327045247	0.4356335097332913
MIMAT0004813	-0.06718472417743854	0.2624181332920829	0.4384632308415722
MIMAT0015015	-0.05199895376622763	0.26268732538169914	0.4384632308415722
MIMAT0004776	0.16525178146870725	0.26331897675251204	0.4389735911950912
MIMAT0005826	-0.45540733573602077	0.2649396379849708	0.44112940959920355
MIMAT0014988	-0.3059216141308166	0.2653307260605928	0.4412351703748377
MIMAT0015023	-0.04107271875998209	0.2661655122812282	0.44143215275906666
MIMAT0003299	-0.5393103561601424	0.2663860436333191	0.44143215275906666
MIMAT0005876	0.11643780252792565	0.2664323238256282	0.44143215275906666
MIMAT0010131	-0.0486591026079654	0.267594126570052	0.4428123937221867
MIMAT0009197	-0.10086008294183214	0.26997633475346017	0.4462062857827127
MIMAT0015218	-0.43635614362904024	0.2703781962931346	0.4463228313809464
MIMAT0000773	0.057068767922599566	0.27298706581452764	0.4496101374187202
MIMAT0016906	-0.08775504589420999	0.2732054697634983	0.4496101374187202
MIMAT0003883	0.04923025696673845	0.2736508571674778	0.4496101374187202
MIMAT0004807	-0.04286862571682023	0.2740009111921023	0.4496101374187202
MIMAT0003230	-0.05801067808781462	0.2740385470087374	0.4496101374187202
MIMAT0003284	-0.05128191988444328	0.2747355442439197	0.4497757556994521
MIMAT0004949	0.14785307003266152	0.27480731027516636	0.4497757556994521
MIMAT0004681	-0.0678739087058456	0.27587847635644414	0.45098095588850756
MIMAT0000275	-0.5451937121116498	0.2762330368896775	0.45101321295805524
MIMAT0015014	0.040302598726851505	0.2769825918429858	0.45168952931295625
MIMAT0018113	0.04923284822996842	0.28000601403797365	0.4560678366495169
MIMAT0003410	-0.06272765723187407	0.28335105389322796	0.46059388692893855
MIMAT0018444	-0.31038653009424577	0.28346869507356354	0.46059388692893855
MIMAT0004910	-0.05262341084251714	0.28574810710139603	0.4637381930910608
MIMAT0016855	-0.04841840302467693	0.28686430786980277	0.4649894376662146
MIMAT0004609	0.1405455628819376	0.2876015313124906	0.4656241137955828
MIMAT0003343	0.6044534257985676	0.2882812892688951	0.465899223149196
MIMAT0006789	-0.04436838731675299	0.288463216114647	0.465899223149196
MIMAT0000750	0.23903228659308304	0.2901556913175371	0.4680715164128413
MIMAT0018206	-0.059002760841884244	0.2915058281643436	0.46901426477589686
MIMAT0015001	-0.03989492897308342	0.2915338760016143	0.46901426477589686
MIMAT0018005	0.09130090749867986	0.29178467251833823	0.46901426477589686
MIMAT0014697	-0.039963825956323105	0.29361774223307635	0.47124562221562954
MIMAT0004185	-0.0564396684215651	0.2938725483750028	0.47124562221562954
MIMAT0003286	0.06691199971135725	0.29508596427142875	0.47262876798289477
MIMAT0000415	0.44648999239948595	0.2972238232935273	0.47548751778667614
MIMAT0003308	-0.416255349600319	0.2980745626817555	0.4762828421498513
MIMAT0000097	-0.48491067390327	0.29893738432651196	0.4763345708035192
MIMAT0015377	0.07071345641976157	0.2990316312844165	0.4763345708035192
MIMAT0004918	-0.2398961233105176	0.2991678150703617	0.4763345708035192
MIMAT0003886	0.23318023619412973	0.29985427655212427	0.4768638849063889
MIMAT0004591	-0.037795431415350814	0.30199558680679295	0.47970289555277135
MIMAT0015279	-0.049503587599899736	0.3033203452941245	0.4806131691789699
MIMAT0011775	0.27414484848110277	0.30340789651524436	0.4806131691789699
MIMAT0003716	-0.05815548045866558	0.30363905491559273	0.4806131691789699
MIMAT0003328	-0.03524888981113617	0.3049706559633455	0.48215431171669765
MIMAT0010203	0.03210665861428847	0.3074902662131253	0.4855678646999763
MIMAT0005885	0.060447242080991385	0.30884067503777846	0.48712926144717517
MIMAT0002875	0.05238420270271422	0.30953914513636493	0.4876599163727293
MIMAT0007885	0.03769351872937424	0.31059738656074654	0.48875546693612804
MIMAT0002852	0.07344095123940415	0.3115121229189476	0.4896229049846236
MIMAT0002185	-0.041565665617164946	0.3125776384261963	0.49072503375301446
MIMAT0000071	0.3094219527434728	0.3132669019575394	0.4912345948041974
MIMAT0000683	-0.051829925686389805	0.31478329392030424	0.49288277754128135
MIMAT0018178	0.03610026454263327	0.3153414032250724	0.49288277754128135
MIMAT0001413	0.31200872605122665	0.3154157047071897	0.49288277754128135
MIMAT0003336	-0.04587748081987428	0.3175639795626091	0.49566475141464017
MIMAT0000251	-0.04703751860324972	0.31875608007412803	0.4965970709659886
MIMAT0015061	-0.04421427490996764	0.3188986387420788	0.4965970709659886
MIMAT0004601	0.3229749051921692	0.32025382411015985	0.49813152549236184
MIMAT0017993	-0.04826548251344544	0.32236166952028233	0.5008317979744179
MIMAT0000268	-0.05853494867472735	0.3230758703587877	0.501363130614386
MIMAT0003236	0.17956030984030258	0.32603169388100106	0.5051184322898622
MIMAT0004972	-0.04202157625622172	0.3262457580491315	0.5051184322898622
MIMAT0015090	-0.0870835210784567	0.32733054168579667	0.5054784031508642
MIMAT0004450	-0.042492202241504906	0.32744902097436934	0.5054784031508642
MIMAT0003222	-0.037335109131570184	0.3278554585436877	0.5054784031508642
MIMAT0010497	-0.04406166444228204	0.32797930538519326	0.5054784031508642
MIMAT0005893	-0.34743489956334844	0.3292410112155332	0.5068430195512265
MIMAT0003882	0.08013395826912807	0.32966502326102665	0.5069164227541129
MIMAT0018002	0.11589320772646283	0.3307541362690628	0.5080111990358354
MIMAT0003221	-0.26922212678673163	0.33276018349215464	0.5101893828933732
MIMAT0002873	-0.11957171821305257	0.3329298200172792	0.5101893828933732
MIMAT0018445	0.03716750927556905	0.3340857865588971	0.5112089509981902
MIMAT0004596	0.06896015772676738	0.33435418398619565	0.5112089509981902
MIMAT0003217	0.029313401999766155	0.33590270621929363	0.5129942690219824
MIMAT0011778	-0.09382743422487529	0.3369608608074335	0.5140274966111131
MIMAT0000753	0.4400654281266944	0.33816830965445277	0.515285874552656
MIMAT0005866	0.04073961319552533	0.3386389225156078	0.515419919354264
MIMAT0014691	0.03212674917982232	0.33979419427820046	0.516594559472614
MIMAT0012172	-0.07410978262399259	0.34107292113212073	0.5179540301747088
MIMAT0003338	0.3366625636783686	0.34351879460783485	0.5210808742531008
MIMAT0004911	-0.2776262052665233	0.3450160692297003	0.5227633804863964
MIMAT0005925	0.03875937447785234	0.3482190824058018	0.5270237123602416
MIMAT0000725	-0.07248162075246795	0.3521464930128684	0.5323696140160872
MIMAT0001636	-0.029406651011860067	0.35350474084830996	0.5338238631420107
MIMAT0015050	0.027543270886061306	0.3548330687799901	0.5352297241283838
MIMAT0003289	-0.040121855711397904	0.35568427158432536	0.5359135501387989
MIMAT0016849	0.0887325577064608	0.3561946734188063	0.5360829330671867
MIMAT0016902	0.028678544185626844	0.35706982146670674	0.5368002784772924
MIMAT0018085	-0.35312428350057085	0.35860254485460685	0.5380660890200015
MIMAT0004806	-0.06011019849257455	0.3587107260133343	0.5380660890200015
MIMAT0003306	0.11480943477781418	0.36028866844345364	0.5384074716484663
MIMAT0016905	0.033405078507993756	0.3603950871167386	0.5384074716484663
MIMAT0001584	0.05833185423045655	0.36051171009002536	0.5384074716484663
MIMAT0002861	-0.03606019662059107	0.3605371487950383	0.5384074716484663
MIMAT0000999	0.0336690320016232	0.3611661249570848	0.5387494687898041
MIMAT0016896	0.03234777743118529	0.3618546893068517	0.5391794983366474
MIMAT0002176	-0.17378839280849853	0.3623336930796397	0.5392966680422924
MIMAT0002836	-0.051218660628075785	0.36502448105852947	0.5427019602492706
MIMAT0004913	-0.04937750716445504	0.3663056354119386	0.5440062744210378
MIMAT0005931	-0.05223703112595234	0.367034789694653	0.5444888344919577
MIMAT0004976	0.0639842388501276	0.36853614106627985	0.5461146116790748
MIMAT0005902	-0.040926505048151846	0.3694796273896719	0.5469110528504264
MIMAT0007886	-0.04373313058466787	0.37068189389805806	0.548088376597897
MIMAT0018101	-0.03448124191634751	0.3735620055828379	0.5517412516667574
MIMAT0018076	-0.2984808557583662	0.3754168706132247	0.5538735210471125
MIMAT0000756	-0.0707880392973134	0.37638260188280714	0.5546907710461063
MIMAT0003260	-0.06626625087836449	0.3792866442038475	0.5583596827787788
MIMAT0015010	0.27154421110022636	0.3811775571438807	0.5602379762926104
MIMAT0005789	-0.34576943443975894	0.3821503866692104	0.5602379762926104
MIMAT0004982	0.2915376623318885	0.3823934302623908	0.5602379762926104
MIMAT0015058	-0.07726402547879326	0.38240912563274787	0.5602379762926104
MIMAT0005935	-0.04696743507177703	0.382642121892503	0.5602379762926104
MIMAT0003219	-0.03249120005387281	0.3846409535469183	0.5625530558389782
MIMAT0016900	-0.3819623137659703	0.38645451815433884	0.5645924468046577
MIMAT0014995	0.034968031668526654	0.3877257069064918	0.5658358907941976
MIMAT0003712	0.29286713728195085	0.3891432381945009	0.5672899803549705
MIMAT0015048	0.06340111960973109	0.39710042565915027	0.5779288523100619
MIMAT0018111	-0.03884522119790101	0.3976980783903519	0.5779288523100619
MIMAT0003218	0.02700136914173059	0.39772831929578867	0.5779288523100619
MIMAT0012597	0.07714150125779938	0.39941157644048686	0.5797493464066119
MIMAT0006765	0.17744203032649258	0.39985589341017336	0.5797695246754613
MIMAT0004690	-0.027771175949939074	0.40103340407795685	0.5806130068767722
MIMAT0005791	-0.042410233752237896	0.4012997100239606	0.5806130068767722
MIMAT0002891	-0.027998495799083256	0.4044086172981366	0.5844832698504184
MIMAT0001580	-0.03025944202821571	0.40758036571131795	0.588435962071967
MIMAT0007891	0.05457242880314227	0.40934145361645347	0.5903457580528509
MIMAT0016921	0.21282583393270613	0.41050552581729316	0.5913913831827742
MIMAT0004902	0.029542559367238853	0.4138618506501819	0.5955896504549092
MIMAT0004977	-0.0449494936687593	0.4178510583022904	0.6006887679116171
MIMAT0003255	-0.04598636630302606	0.4200650254934064	0.6028937727631271
MIMAT0003880	0.2814744939047328	0.42028006876360524	0.6028937727631271
MIMAT0002177	-0.46129262010026034	0.42279414154279416	0.6051144082512426
MIMAT0004971	0.07539315381880428	0.42296377535045293	0.6051144082512426
MIMAT0005794	0.09810101514103259	0.42341905521495593	0.6051144082512426
MIMAT0015280	-0.028428619627861692	0.4236250088945225	0.6051144082512426
MIMAT0003312	0.030706474279573234	0.42542037662539345	0.6058559541628056
MIMAT0016923	0.02893210456899574	0.42545955062196483	0.6058559541628056
MIMAT0016847	0.04689074578507246	0.42578348376748654	0.6058559541628056
MIMAT0015037	-0.0651859835126287	0.425943272896939	0.6058559541628056
MIMAT0004804	0.03254092213366797	0.4313832639711699	0.6129464731742256
MIMAT0004683	-0.22147928315043666	0.4322506633268639	0.6135317634365497
MIMAT0018086	-0.040881975381106724	0.43343194508306704	0.6145608737125172
MIMAT0005576	0.185607945972648	0.43399403121966296	0.6147107886991441
MIMAT0001578	0.03444970540317332	0.4355651903529054	0.6162881422325248
MIMAT0000447	-0.3421155686999143	0.43756154852084106	0.6184631750866452
MIMAT0002188	-0.03347675412706008	0.4382596564128328	0.6188005840545973
MIMAT0016899	-0.03053132593475459	0.43897741148008085	0.6191649981818522
MIMAT0000064	-0.2048861523182935	0.4424067608919203	0.6233492750224024
MIMAT0018360	0.029819370178625074	0.4428992289768985	0.6233910777762615
MIMAT0000263	-0.40945553587927985	0.44376511797001084	0.6239578433252658
MIMAT0018066	0.17884277448228475	0.44464229011943646	0.6245392750686974
MIMAT0014705	0.02928745630067827	0.446088569263295	0.6259180237475608
MIMAT0005944	-0.03442591053648172	0.44802629151021844	0.6279827415861231
MIMAT0004912	-0.02901860797111305	0.44866901332262277	0.6282298970328201
MIMAT0015080	0.24294738617380482	0.45226265223788253	0.6323737403798954
MIMAT0015378	0.07889407371499534	0.4525673984604448	0.6323737403798954
MIMAT0015064	-0.028835053444774737	0.45349810249230205	0.6330175586084257
MIMAT0002822	-0.03291060817117506	0.4541299100947277	0.6332432597283625
MIMAT0015049	-0.02531381448850247	0.4553264963311585	0.6342552125729789
MIMAT0003298	-0.11544913369892466	0.4559499291037653	0.6344454912100129
MIMAT0017981	0.09494841105739932	0.45640510837602266	0.6344454912100129
MIMAT0004507	-0.025584284927511677	0.4612007147265319	0.6402770034512936
MIMAT0007347	-0.06372032740110899	0.4615508317380891	0.6402770034512936
MIMAT0015216	-0.167785647321736	0.4622708760490908	0.6406161214384005
MIMAT0018102	-0.02997481351591658	0.4643326779719398	0.6428120423722538
MIMAT0016910	-0.037475495033837465	0.46520719057121496	0.6433614842909924
MIMAT0018114	-0.028195509769287076	0.46573624706008776	0.6434325382460905
MIMAT0004751	-0.0391261382769147	0.46778527094624334	0.6456011884883092
MIMAT0007890	-0.20774606119362063	0.46863246414845394	0.6456193793544038
MIMAT0004901	-0.03165858859075038	0.4690120624474138	0.6456193793544038
MIMAT0015215	0.02835092058954622	0.4695949185172802	0.6456193793544038
MIMAT0004600	-0.30240547220499375	0.4704242743026409	0.6456193793544038
MIMAT0010367	0.06650869803054725	0.47067373241227994	0.6456193793544038
MIMAT0014987	-0.02516193850242764	0.4706742617119707	0.6456193793544038
MIMAT0016918	-0.029889622591641546	0.4720268890819669	0.6468160931774256
MIMAT0005871	-0.3746576689528667	0.47501431580581177	0.6502482554780777
MIMAT0015003	-0.0353588360634781	0.47690867953979754	0.6520263573043481
MIMAT0004604	-0.023260009386799892	0.4775284633072596	0.6520263573043481
MIMAT0002180	0.03906235738829311	0.4777654154858141	0.6520263573043481
MIMAT0005945	-0.02114140904882728	0.47944797302219877	0.6536603437863377
MIMAT0015007	-0.02699624862520144	0.4804922518147946	0.6544217019155999
MIMAT0004592	0.05359282758936056	0.48234395512198747	0.6558925027241616
MIMAT0004922	-0.03788547334629626	0.4825460060873379	0.6558925027241616
MIMAT0018352	0.22178476260534957	0.48496893265907137	0.6576942797269207
MIMAT0015650	-0.034064405150413965	0.48562506106151615	0.6576942797269207
MIMAT0005457	-0.033951899878138965	0.48596326670142853	0.6576942797269207
MIMAT0015087	-0.18143770377536425	0.486290119589336	0.6576942797269207
MIMAT0016914	0.017289008781862975	0.4867810677814248	0.6576942797269207
MIMAT0018188	0.018917696687599014	0.4876722480131199	0.6576942797269207
MIMAT0004762	0.03877007123774601	0.4881556288890594	0.6576942797269207
MIMAT0018087	-0.2148558052223647	0.488470252015452	0.6576942797269207
MIMAT0017995	-0.03561524782957954	0.48862789741146995	0.6576942797269207
MIMAT0004815	-0.028912877506030644	0.48882293824926615	0.6576942797269207
MIMAT0013771	0.10838926024398125	0.4894352658670651	0.6576942797269207
MIMAT0003317	0.07851923946794136	0.4900439930017716	0.6576942797269207
MIMAT0016853	-0.02617031034453282	0.4902190473985364	0.6576942797269207
MIMAT0000693	-0.1731271323582246	0.49365849049995814	0.6615791711114021
MIMAT0004803	-0.03813668157789184	0.49409699045142574	0.6615791711114021
MIMAT0004481	0.05327244822401843	0.4968187618614355	0.6645629317054156
MIMAT0003385	-0.021952973389089987	0.4977375427051379	0.6651314186744254
MIMAT0018078	0.02883679833178934	0.4990606213005422	0.6657768370873123
MIMAT0016846	0.052243431053369566	0.49920906121617326	0.6657768370873123
MIMAT0004920	0.023393758396772178	0.5001391680734013	0.6658647024097148
MIMAT0003718	-0.6220698215764477	0.5007595112810099	0.6658647024097148
MIMAT0003269	0.21377211711547206	0.5008307483680061	0.6658647024097148
MIMAT0004603	0.14898779393153008	0.5012522704108766	0.6658647024097148
MIMAT0000686	0.24186649271735441	0.5028221724474903	0.6672920850115954
MIMAT0015065	0.0686108935341521	0.5034547985360271	0.6674740291614455
MIMAT0004775	0.13186530983863698	0.5042546748127612	0.6677836226605546
MIMAT0004517	-0.04120038707540844	0.5046798276677391	0.6677836226605546
MIMAT0018097	0.02446242444169349	0.5054284843645727	0.6681179278106766
MIMAT0003296	0.052959194790375926	0.5069980419563014	0.6693545709676234
MIMAT0018075	0.02975652628941521	0.5075519252312367	0.6693545709676234
MIMAT0004569	-0.023314332208779306	0.5078547672820424	0.6693545709676234
MIMAT0016873	0.16707710007835092	0.511216973422769	0.6731273345068131
MIMAT0000726	-0.03908616739053505	0.5119074218172883	0.6732797825529099
MIMAT0003237	-0.2083461071915594	0.5123324254764162	0.6732797825529099
MIMAT0009447	0.09691656519110245	0.5162052828696546	0.6777081052879383
MIMAT0002815	-0.031541164450145105	0.5167973866391464	0.6778248099346935
MIMAT0002841	-0.024092485679266498	0.5241577421627004	0.6861057838336432
MIMAT0016908	0.028832684794644986	0.5244406115264735	0.6861057838336432
MIMAT0016907	-0.3269102177685996	0.5246391665543078	0.6861057838336432
MIMAT0016878	0.15010466040979636	0.5267542224944146	0.6882036253152052
MIMAT0006778	-0.02763433717876169	0.5284628508979066	0.6897669187591863
MIMAT0007889	0.018539088890619504	0.5291555421043368	0.6898382160081704
MIMAT0004777	-0.026050899805920822	0.5295417337434656	0.6898382160081704
MIMAT0015078	0.20167656489673055	0.533827712547564	0.6947496896633514
MIMAT0014702	0.031463065838959844	0.5363203818247947	0.6973200331254811
MIMAT0000072	-0.1708866210342911	0.538009044123591	0.6982751958274687
MIMAT0002857	0.038915536423955996	0.5382580487244351	0.6982751958274687
MIMAT0000734	-0.022163889607939486	0.5390610647980909	0.6982751958274687
MIMAT0004693	0.022845278140618906	0.5391285847517204	0.6982751958274687
MIMAT0003226	-0.029978758736621425	0.5403642461412675	0.6986857038855406
MIMAT0003425	0.01912621363547654	0.5409664855838281	0.6986857038855406
MIMAT0002881	0.024691122649379352	0.5410016252061016	0.6986857038855406
MIMAT0004692	0.18226627844068077	0.5494687834096091	0.7085572921815844
MIMAT0018203	0.02286073324363258	0.5496973796063517	0.7085572921815844
MIMAT0004500	0.04172631676254261	0.552117971201241	0.7109970432199537
MIMAT0009977	-0.024669414441737505	0.5526776730522355	0.7110380378236497
MIMAT0004778	-0.035061647808809535	0.5575133837982451	0.7165749312750345
MIMAT0005895	0.03287495804640239	0.5603928471798801	0.7186361387834054
MIMAT0016879	0.023050482437262675	0.5607098140425284	0.7186361387834054
MIMAT0018093	0.021460954150460624	0.5612847903076938	0.7186361387834054
MIMAT0004794	0.024185698415541537	0.5618336290634824	0.7186361387834054
MIMAT0003282	-0.024439650551463396	0.5625481788005597	0.7186361387834054
MIMAT0017999	0.02453402325932721	0.5627224525341259	0.7186361387834054
MIMAT0005954	0.09103723797498327	0.5632716273391676	0.7186361387834054
MIMAT0004986	-0.02514162950821455	0.5637084977012293	0.7186361387834054
MIMAT0004748	0.14353063160275076	0.563918633031967	0.7186361387834054
MIMAT0005914	-0.025500570630561065	0.5656082720233055	0.719737303478092
MIMAT0004508	-0.026072313069365034	0.5658513766765401	0.719737303478092
MIMAT0011158	0.02112681855464431	0.5677004927414879	0.7214080789837588
MIMAT0003313	0.02163610791337415	0.569563079728773	0.723092807158018
MIMAT0003274	0.015819854216365392	0.5707712841620273	0.7239443688947748
MIMAT0014353	-0.2247005823277993	0.5736903439128587	0.72696227022636
MIMAT0005829	-0.020615145143287696	0.5754436776722771	0.7284015511166376
MIMAT0015070	-0.19158614499809032	0.5759076851813059	0.7284015511166376
MIMAT0004978	-0.015244487717909752	0.5766945926756126	0.7286119583203032
MIMAT0005915	0.0195981591191615	0.5771558719582506	0.7286119583203032
MIMAT0002839	-0.020569407207006053	0.578679946934004	0.7295584616059341
MIMAT0004809	0.07164767452819956	0.5789888607696685	0.7295584616059341
MIMAT0008400	0.039414899471242715	0.5803674937925665	0.730612162746343
MIMAT0003719	0.09121002964389019	0.5815843890450617	0.7314604780986911
MIMAT0016888	0.030609485830472884	0.5844835112218887	0.7344209791192947
MIMAT0004565	0.017528920139012225	0.5877044267977384	0.7377799281421749
MIMAT0016845	-0.01747736383516826	0.5926906709994124	0.7433466795495424
MIMAT0003342	-0.020208704440777707	0.5938502228871663	0.7441081397479191
MIMAT0005921	0.019226408699824084	0.5961083254459851	0.7462434148473438
MIMAT0015053	0.02916310082276645	0.5972389883712586	0.7469646400520754
MIMAT0003264	-0.02068699634038579	0.599093663257493	0.7485892063152533
MIMAT0018074	0.14862221140267862	0.6009398328691125	0.7502001435353981
MIMAT0007882	-0.03351315915316899	0.6054258530857075	0.7543618936991383
MIMAT0001581	-0.018653753495417313	0.6055033096615834	0.7543618936991383
MIMAT0004566	-0.0213105285280829	0.6059536518058408	0.7543618936991383
MIMAT0000442	0.2780308010503704	0.6074469319746587	0.7549980600402528
MIMAT0018089	0.13202689192952616	0.6075856696983177	0.7549980600402528
MIMAT0000255	0.26801101942015887	0.6104312824474614	0.7578349653979083
MIMAT0018353	0.029711863601645565	0.6120978344862038	0.758282646611502
MIMAT0004800	0.04775685914666392	0.6126968038055968	0.758282646611502
MIMAT0015021	0.08263057432228789	0.6129999821645178	0.758282646611502
MIMAT0002183	-0.01841518841379083	0.6132846029410481	0.758282646611502
MIMAT0010357	0.051854852190554426	0.6137059919172124	0.758282646611502
MIMAT0015027	0.01697820236711034	0.6141695378271335	0.758282646611502
MIMAT0003268	-0.01734141956854969	0.6169529444606762	0.7610216265462737
MIMAT0006767	-0.027244352206946387	0.6193313321689147	0.7632564541917
MIMAT0016859	-0.016546529039315194	0.62164933598004	0.7654128478657349
MIMAT0010204	0.019712784482424348	0.6227235248444449	0.7660352401511117
MIMAT0014703	-0.11392201235941327	0.6258041667599968	0.7687302884509476
MIMAT0018092	-0.02786169570542629	0.6260557731482476	0.7687302884509476
MIMAT0005924	0.026505392086107946	0.6271759044041131	0.7694043198837343
MIMAT0000995	-0.022849654319722985	0.631985126770514	0.7742278395115124
MIMAT0000429	-0.09381182403606594	0.6326844496373618	0.7742278395115124
MIMAT0003161	0.026498234453883447	0.6329107796837409	0.7742278395115124
MIMAT0015088	-0.019852690456350016	0.6334068887466122	0.7742278395115124
MIMAT0004773	-0.07300882853456954	0.6339901270247291	0.774238169630381
MIMAT0004950	0.08188449502442183	0.6360396361181506	0.7760374908072001
MIMAT0003325	-0.04612241097915441	0.6367599626980508	0.7762132757957235
MIMAT0000449	0.26569055237858297	0.6405564962950935	0.7799686129494732
MIMAT0016904	0.016179394741507726	0.64099870418342	0.7799686129494732
MIMAT0014991	0.017633402076465934	0.6417584310458863	0.7801882731216686
MIMAT0016882	-0.07798550860633108	0.6450355244223394	0.7831757852398812
MIMAT0003420	-0.02180101066537721	0.6453787094404366	0.7831757852398812
MIMAT0005887	0.045241481202170135	0.6463902059248441	0.7836972163643249
MIMAT0018095	0.01837109321636241	0.6470207415921594	0.7837562400401427
MIMAT0005939	0.11782998008241032	0.6484664733365919	0.7848017426634225
MIMAT0004568	-0.1496801004009037	0.6509012758040043	0.7865190140549807
MIMAT0003337	-0.06143371533210307	0.6510532298970331	0.7865190140549807
MIMAT0003885	0.11149843223572167	0.6533429992946551	0.788577974955108
MIMAT0010364	-0.019034633654349473	0.6545702784698693	0.788957086612902
MIMAT0016856	0.02059955964950716	0.6548285247462691	0.788957086612902
MIMAT0014692	-0.01945435227257595	0.6560367166436916	0.7897063961743096
MIMAT0016858	0.1433655048538402	0.6600135882598439	0.7928347646199025
MIMAT0003311	0.01661223155105461	0.6600473085727936	0.7928347646199025
MIMAT0007349	0.07460302139606695	0.660756821243129	0.7928347646199025
MIMAT0015086	0.013521136156255772	0.6609899336808839	0.7928347646199025
MIMAT0012598	0.016385095641012707	0.6622384767448543	0.7936256478428103
MIMAT0005573	-0.053851287339998305	0.6640192249575939	0.7949807924886962
MIMAT0003235	-0.01820876876720799	0.6648552898830522	0.7949807924886962
MIMAT0015067	-0.022736910845177604	0.6656700275693419	0.7949807924886962
MIMAT0016919	0.011493473500975623	0.6657300177633626	0.7949807924886962
MIMAT0018447	0.025638462117925868	0.6665879063029284	0.7951419461548144
MIMAT0004816	0.015297133254464277	0.6680563098582967	0.7951419461548144
MIMAT0000067	0.10881636693962592	0.6689167242423979	0.7951419461548144
MIMAT0004805	0.016582128563754357	0.6692318960198795	0.7951419461548144
MIMAT0015043	0.01847174411609374	0.6693823982584446	0.7951419461548144
MIMAT0000084	0.1440978291666429	0.6694068054488191	0.7951419461548144
MIMAT0003249	0.0523050992077961	0.6708914489969975	0.7962033319814588
MIMAT0004505	-0.10204830183927041	0.6752695840527818	0.8002688169805456
MIMAT0014990	0.12377648106955765	0.6758337184289751	0.8002688169805456
MIMAT0015084	0.020176089613660644	0.6771002960112402	0.8002688169805456
MIMAT0015217	0.10964529615859596	0.6774778948008556	0.8002688169805456
MIMAT0003279	0.017455623377533046	0.6776749463827527	0.8002688169805456
MIMAT0000441	0.2585796659316088	0.6778817521713456	0.8002688169805456
MIMAT0015006	0.0846625059346341	0.6795589110069766	0.8011060906752103
MIMAT0014693	0.08280346113074599	0.6797804466531294	0.8011060906752103
MIMAT0009196	0.015004003529760515	0.6806524240814869	0.8014325308022402
MIMAT0003413	-0.01726180942508996	0.6837962406460664	0.8038169027632721
MIMAT0000228	-0.05185786087201237	0.6838709506805567	0.8038169027632721
MIMAT0003305	-0.01576488279196015	0.6846609464199698	0.8039565322709004
MIMAT0018088	-0.028501264312329782	0.6864642593312014	0.8039565322709004
MIMAT0015017	0.1168426136799883	0.6866886942019785	0.8039565322709004
MIMAT0010251	0.016007940758224915	0.6872617369671439	0.8039565322709004
MIMAT0016866	0.015762099226534324	0.6881377934731183	0.8039565322709004
MIMAT0015012	0.014242682548558261	0.6885216135055462	0.8039565322709004
MIMAT0003713	-0.03206841324708509	0.6886693395268917	0.8039565322709004
MIMAT0015213	0.015465612519629095	0.6890328654871996	0.8039565322709004
MIMAT0005873	0.04291576426745186	0.6901589706512437	0.8039565322709004
MIMAT0004478	-0.02366049385780937	0.6903661781699826	0.8039565322709004
MIMAT0017352	0.01241342367485632	0.690555091193342	0.8039565322709004
MIMAT0009204	-0.01458758991135307	0.6916178720358184	0.8044848413166625
MIMAT0002809	-0.28864482067131797	0.6922033638351981	0.8044848413166625
MIMAT0000435	0.17574149151514967	0.6951554266711071	0.80721927562584594
MIMAT0004984	-0.014731623090729916	0.6960412354315015	0.8075517175936542
MIMAT0004795	0.13972046768801547	0.6978092966933322	0.8089063017606872
MIMAT0017997	0.01993284773414576	0.6987063952902302	0.8090862747782873
MIMAT0004480	-0.14444506295221177	0.7007129392681517	0.8090862747782873
MIMAT0004799	-0.014783645112365728	0.7008980945426644	0.8090862747782873
MIMAT0016911	-0.01777247905254328	0.7018093014778544	0.8090862747782873
MIMAT0010130	0.012402655783319835	0.7018099930964259	0.8090862747782873
MIMAT0017392	-0.013129103070153397	0.7019706324420109	0.8090862747782873
MIMAT0005898	-0.12255721643875589	0.7022009529853583	0.8090862747782873
MIMAT0002847	0.015209392878816242	0.7027698155089801	0.8090862747782873
MIMAT0004518	-0.03523821811223725	0.704096024684677	0.8097944573444713
MIMAT0002181	-0.011460586843018681	0.704587308097788	0.8097944573444713
MIMAT0003415	-0.013746611726897826	0.7083887982407255	0.8134694895398614
MIMAT0003263	-0.04663806717359709	0.710893337834311	0.8156501925577657
MIMAT0014690	-0.01155137033749249	0.7125846496223847	0.8168949132266827
MIMAT0014986	-0.019564550244924844	0.7138743666719147	0.8176775271318615
MIMAT0004497	-0.012072607540613015	0.7175127888850459	0.8205217594978733
MIMAT0014981	-0.021403410989941345	0.7175758223374126	0.8205217594978733
MIMAT0002851	0.011421955467353988	0.722414472639287	0.8253539394784729
MIMAT0000762	0.09375879833471513	0.7249389299731	0.827241828364619
MIMAT0000437	0.1403810586188024	0.7252951739410654	0.827241828364619
MIMAT0009147	-0.017374633806780185	0.7298643625457022	0.8307967368231165
MIMAT0002872	-0.03944076398980627	0.7302040748316838	0.8307967368231165
MIMAT0017992	-0.05254188764513385	0.730413779321611	0.8307967368231165
MIMAT0015041	-0.08297606479309871	0.7310581201657862	0.8307967368231165
MIMAT0005795	0.026889645200093005	0.731495864790064	0.8307967368231165
MIMAT0005863	0.015008821741762098	0.7324825701500668	0.8312165307431677
MIMAT0005900	0.01188756240358305	0.7356440455754238	0.8341014557155689
MIMAT0003223	-0.013004646157331374	0.7373687690145627	0.8352241800873531
MIMAT0003309	-0.017226106307301176	0.7378743684513365	0.8352241800873531
MIMAT0002826	-0.013082635781226997	0.7412542505572799	0.8383454874060925
MIMAT0003720	-0.015918958344055715	0.7436585317164524	0.840359095823877
MIMAT0004817	-0.014991038149721763	0.74455240554204	0.8406639482524123
MIMAT0001412	-0.050815923352765704	0.7478729248782363	0.8437058876138896
MIMAT0001579	0.013477929861363508	0.7487477217270269	0.8439859256621801
MIMAT0000073	-0.09403825925811535	0.7499088415322175	0.8445879678460677
MIMAT0004487	0.018527664673710063	0.7514959919435941	0.8456684220117137
MIMAT0018100	-0.04615118907527352	0.7546546821791993	0.8478511281119395
MIMAT0004562	0.010469763540269543	0.7546945082451488	0.8478511281119395
MIMAT0000455	0.10337907787524414	0.7562546126231708	0.8488958026695093
MIMAT0001582	-0.012848661106258059	0.7584541117723721	0.8506558605806706
MIMAT0014352	0.04092942965301227	0.7602983435950534	0.8520148659089325
MIMAT0015068	-0.013141398728725242	0.7622437617776219	0.8534849103195816
MIMAT0002868	0.018454657518752925	0.7631493769657136	0.8537892116053292
MIMAT0005823	-0.011021804863136139	0.7641957050197442	0.8542503026237307
MIMAT0004701	0.024203815465231926	0.7652184300903345	0.8546842664441797
MIMAT0005891	-0.012675314474742743	0.766756238580649	0.8556923391616688
MIMAT0004764	-0.02655131191333987	0.773539859285833	0.8625481709089546
MIMAT0003324	0.009996080345572209	0.7744785576932952	0.8628805766855819
MIMAT0005865	0.17112766727382736	0.7755526773090884	0.8633631870540016
MIMAT0016891	0.01185549868276868	0.7773238940130168	0.8646203841746769
MIMAT0004483	-0.01095467733556964	0.7781793333268235	0.8648577244152075
MIMAT0005593	0.04693893574546357	0.7816206538664774	0.8679662166184214
MIMAT0000451	-0.2096357407555255	0.7828102606696294	0.8685711870856597
MIMAT0004590	0.009536137520424592	0.7855394206430469	0.8708819749845138
MIMAT0015076	-0.008679467319545118	0.7904548690225695	0.8737164040283679
MIMAT0004768	0.013233109920301847	0.7907210155186507	0.8737164040283679
MIMAT0004512	0.015788288437219543	0.7907462824991943	0.8737164040283679
MIMAT0005582	0.022789116719047153	0.7911220114686448	0.8737164040283679
MIMAT0003302	0.009898183822693946	0.7913392820449954	0.8737164040283679
MIMAT0004613	-0.01139827281977472	0.7921316445763511	0.8738749592500779
MIMAT0015040	-0.009308516262081377	0.7930297873577099	0.8741498556226148
MIMAT0015081	0.010273291143301541	0.7951005397271744	0.8751246673837978
MIMAT0018077	-0.01473161221590738	0.7952135062195756	0.8751246673837978
MIMAT0003231	-0.011032290323019	0.7975708388793025	0.8770023836493228
MIMAT0018082	0.008268400371060039	0.798484243314053	0.8772906001174791
MIMAT0014688	0.006998553992068258	0.7996551949882457	0.8778610820286609
MIMAT0002808	-0.01046715789185375	0.8043084366084374	0.8812947510988033
MIMAT0002844	-0.011535405759771026	0.8046167269973683	0.8812947510988033
MIMAT0005872	0.014507646946232975	0.8049398669813597	0.8812947510988033
MIMAT0004675	0.011435205659359349	0.8054000286582232	0.8812947510988033
MIMAT0004916	-0.009128160518374477	0.8062155516970724	0.8814126940347139
MIMAT0002191	-0.007312022469228726	0.8068165194838917	0.8814126940347139
MIMAT0005880	0.044020255487879266	0.808240019363471	0.8822522739729299
MIMAT0018357	0.012257219815670779	0.8110390395572905	0.8832037617752057
MIMAT0004694	0.07231011459576801	0.811384088953256	0.8832037617752057
MIMAT0000426	-0.10288633352202435	0.8115878459256387	0.8832037617752057
MIMAT0002190	-0.008596407648082604	0.8119711093440578	0.8832037617752057
MIMAT0014979	0.012169966252531264	0.8123900971339865	0.8832037617752057
MIMAT0010313	0.07950277106632749	0.8182483286755495	0.8887518294108553
MIMAT0007892	-0.0904091794138577	0.8188129326643441	0.8887518294108553
MIMAT0004551	-0.020964580836887913	0.8233912152888707	0.8930015837311664
MIMAT0018104	-0.07824582981832454	0.8277746815372659	0.8970333837736902
MIMAT0003232	0.012322650398555922	0.8303640330232309	0.8980304230454903
MIMAT0017987	-0.05439266665135554	0.8303680982302626	0.8980304230454903
MIMAT0005589	-0.050045925157149826	0.8306948085483897	0.8980304230454903
MIMAT0001630	0.010033134429345066	0.8349911596823636	0.901951156449193
MIMAT0004767	-0.04223759530169292	0.8358916901702726	0.9022004059770491
MIMAT0008402	-0.009524790066387727	0.8372945408487986	0.9029909900106738
MIMAT0004947	0.04787776645284415	0.8399485052226701	0.9047125455327673
MIMAT0016920	-0.008321843318206729	0.8408414993548968	0.9047125455327673
MIMAT0004499	0.011526139064462267	0.8412970477200725	0.9047125455327673
MIMAT0008399	0.0061121440769274435	0.8415774458445118	0.9047125455327673
MIMAT0018122	0.007018398643271525	0.8458116806990048	0.9085393412293139
MIMAT0003419	-0.008583388183732105	0.8485237361465547	0.910726272979609
MIMAT0017984	0.03508824218408622	0.8495042491276696	0.9107934940109144
MIMAT0004779	-0.008193052319861421	0.8499386948565103	0.9107934940109144
MIMAT0004948	-0.008445383065908044	0.8520157384722515	0.9122934814961231
MIMAT0000445	0.06492354024795736	0.8543922134784551	0.9137246845431416
MIMAT0016901	0.05425064438987799	0.854709059038128	0.9137246845431416
MIMAT0005904	0.005191230805217388	0.8563743763246257	0.9147789729653217
MIMAT0001577	-0.0049637880674757275	0.8579446300369641	0.9149803301884495
MIMAT0002192	-0.004680625327981221	0.8588068265447056	0.9149803301884495
MIMAT0004614	-0.05256606745183519	0.8592258583045564	0.9149803301884495
MIMAT0016871	0.008013726000151478	0.8592799685882617	0.9149803301884495
MIMAT0018094	0.005316354985690442	0.8611471216233496	0.9162442123433269
MIMAT0001618	-0.03067252945573969	0.8628858708916227	0.9173695880749927
MIMAT0018003	-0.007472178554035307	0.8637111025550518	0.91752275642086345
MIMAT0005450	-0.006684874562648055	0.8646006103238814	0.9177439102492264
MIMAT0003271	0.008232270039773289	0.8659798506469603	0.9184841408042956
MIMAT0003326	-0.061218919034709766	0.8677898824096922	0.9193188484671703
MIMAT0016857	0.0062162450069085575	0.8681318301783524	0.9193188484671703
MIMAT0002182	0.005563618049513383	0.8689930604908179	0.9193299871431835
MIMAT0003277	-0.02272673466676182	0.8695073523536866	0.9193299871431835
MIMAT0005459	0.01911662839566486	0.8726975015486527	0.9219792428125765
MIMAT0018065	0.01664878450366756	0.8740849231577195	0.9221945372784192
MIMAT0004688	-0.010188658923292859	0.8742705449922354	0.9221945372784192
MIMAT0004697	-0.042772913336184076	0.8753498311405863	0.9226105027749372
MIMAT0004749	-0.016290099484784326	0.8792933934056772	0.9257102745838869
MIMAT0004770	0.010017892525259404	0.8799296487861944	0.9257102745838869
MIMAT0018198	0.009937070299530375	0.88035253284481	0.9257102745838869
MIMAT0018165	0.006941267474226403	0.8814159371050293	0.926105512699278
MIMAT0004975	0.0070711665966996864	0.882704747808483	0.9267367851114783
MIMAT0017982	0.0077745352812811485	0.883729225281987	0.9270897713822714
MIMAT0005943	0.004430427083403901	0.8869999565980027	0.9297968416634317
MIMAT0016903	0.006698298034342445	0.8880065812785217	0.9301281998306133
MIMAT0015020	-0.007264333288096209	0.8930693957249786	0.934704332588614
MIMAT0015089	0.01853111726012664	0.8951493821783589	0.9354482562360886
MIMAT0018121	-0.026304539035038637	0.8951691182541338	0.9354482562360886
MIMAT0005586	0.0036208040844009745	0.9000518483576558	0.9398215811920639
MIMAT0004599	-0.026822665435904405	0.9025951068613867	0.9414129733505131
MIMAT0000414	-0.029811602679012575	0.902973690845481	0.9414129733505131
MIMAT0016915	-0.06399662036165261	0.9073066243476993	0.9446766750707968
MIMAT0002882	-0.003974561533780494	0.9090558993291835	0.9446766750707968
MIMAT0004498	-0.004291740904535962	0.9091548709387787	0.9446766750707968
MIMAT0000998	0.0039261232949266275	0.9096477675949086	0.9446766750707968
MIMAT0018107	0.007066460240137241	0.9100504040181033	0.9446766750707968
MIMAT0002827	-0.006252138550036823	0.9103120447230099	0.9446766750707968
MIMAT0003291	-0.01832932805960528	0.9110656222892072	0.9447308646832656
MIMAT0005926	-0.004092327665249414	0.9132916949823082	0.946310702416284
MIMAT0003390	0.0037669712635921885	0.91616374415295	0.9485569280353756
MIMAT0015022	0.028089956909151895	0.9220676645886376	0.9539363626734984
MIMAT0003714	0.014928894914360186	0.9251267476998271	0.9562050871995171
MIMAT0016861	0.004515015641817348	0.9262953105357455	0.9562050871995171
MIMAT0002840	-0.003248308860420618	0.9270487097199125	0.9562050871995171
MIMAT0004593	0.00840233239145746	0.9271001068170521	0.9562050871995171
MIMAT0007884	-0.004225027302516045	0.9285828541587511	0.9562699756033419
MIMAT0018205	-0.0036853946063416204	0.9285828716326439	0.9562699756033419
MIMAT0004981	-0.00236338444989196	0.9305451051360243	0.957558637599866
MIMAT0016917	0.0029638762009230888	0.9400311535166137	0.9657928100866917
MIMAT0003884	-0.005995800036711608	0.9406323172057685	0.9657928100866917
MIMAT0013802	-0.03321358605539884	0.9406979709233405	0.9657928100866917
MIMAT0004561	-0.01246139603648981	0.9418785308950044	0.9662683786104881
MIMAT0004919	-0.004146238500424237	0.9427891637938406	0.9662989214495691
MIMAT0004491	-0.005715190681163695	0.9433430450676936	0.9662989214495691
MIMAT0005828	-0.017091558832862817	0.945896896593569	0.9679967518620411
MIMAT0012735	-0.014244272981115403	0.9470633155967207	0.9679967518620411
MIMAT0014996	-0.00913985315225496	0.9471564357491983	0.9679967518620411
MIMAT0005869	0.0030833074395469587	0.9514527543818412	0.9716503867720547
MIMAT0003411	0.0018821009519076179	0.9536697176035076	0.9731765981908521
MIMAT0018073	-0.019642278376660126	0.9578601053226512	0.9759911450696453
MIMAT0018118	0.0026267902287985608	0.9589964324501942	0.9759911450696453
MIMAT0018109	-0.003539493439819607	0.959195896678203	0.9759911450696453
MIMAT0000724	-0.002464246498008983	0.9593261143817449	0.9759911450696453
MIMAT0016894	0.0018966735836978448	0.9631438878482798	0.9779141695349041
MIMAT0018006	-0.0019332312217492137	0.9635688031904523	0.9779141695349041
MIMAT0013863	-0.0013872345850877933	0.9640467756827495	0.9779141695349041
MIMAT0002853	-0.0031453620277094602	0.9641202799868986	0.9779141695349041
MIMAT0000279	0.01814324856163718	0.9683866534135359	0.9807422595937104
MIMAT0018116	-0.0016970947432197597	0.9687157198451792	0.9807422595937104
MIMAT0005930	-0.0016591065024350615	0.9690927598509491	0.9807422595937104
MIMAT0000278	0.018978429158711733	0.9700710157904674	0.980995238941261
MIMAT0003265	0.001019986247842414	0.9722654174553274	0.9823972090766182
MIMAT0016885	0.0014415163601647653	0.9729160184916175	0.9823972090766182
MIMAT0004496	-0.0028828572506333777	0.9812826166754713	0.9901031345781721
MIMAT0005907	-9.83762809662761e-4	0.9823705906609216	0.9903766113411879
MIMAT0016887	7.824589115742862e-4	0.9830241494901026	0.9903766113411879
MIMAT0004752	7.917015787711562e-4	0.9855599911712939	0.992189318466168
MIMAT0007400	6.965852282038533e-4	0.9868298365104813	0.9924838009599862
MIMAT0012596	0.004361116592803583	0.9873261271613821	0.9924838009599862
MIMAT0003744	0.0019050987784537624	0.989415955016935	0.9936148633716635
MIMAT0003227	6.375108132618775e-4	0.9899266122084427	0.9936148633716635
MIMAT0000716	4.878627635341954e-4	0.9919922178120952	0.9949467739336503
MIMAT0003315	3.636336068256276e-4	0.9935685170417768	0.9957863039101736
MIMAT0004979	-4.3485380653139643e-4	0.9981192364561366	0.9996034286293056
MIMAT0004585	-1.0476177706370002e-4	0.9991186076830344	0.9998234533906263
MIMAT0004818	-9.20512595313669e-6	0.9998234533906263	0.9998234533906263
